Census Blockgroup,Children,Elderly,NonWhite,Poverty,Education,English,Elevation,SeaLevelRise,Precipitation,Diabetes,Asthma,Disability,HousingQuality,Homeless,LivAlone,FloodHealthIndex,FloodHealthIndex_Quintiles
60759809001,0.073,0.000,0.599,0.357,0.996,0.151,-6.000,0.182,0.036,22.058,15.134,0.134,14.109,17.503,0.481,84.819,5.000
60750201001,0.080,0.124,0.651,0.510,0.724,0.232,7.833,0.000,0.021,16.012,10.574,0.238,10.241,15.892,0.522,83.486,5.000
60750117001,0.027,0.103,0.697,0.379,0.862,0.171,-1.999,0.107,0.005,1.407,0.801,0.187,39.562,4.937,0.635,83.479,5.000
60750178021,0.084,0.088,0.584,0.327,0.843,0.119,-5.966,0.065,0.024,14.986,9.580,0.229,7.044,19.268,0.427,82.493,5.000
60750125012,0.095,0.222,0.726,0.795,0.695,0.203,7.133,0.000,0.004,15.500,12.967,0.425,13.726,14.618,0.732,81.806,5.000
60750176011,0.110,0.141,0.733,0.551,0.806,0.117,10.697,0.000,0.009,16.009,10.583,0.227,170.940,19.268,0.609,81.799,5.000
60750201003,0.080,0.124,0.651,0.510,0.724,0.232,5.817,0.000,0.028,15.999,10.544,0.238,9.687,3.220,0.522,81.506,5.000
60750101001,0.058,0.198,0.558,0.328,0.879,0.185,-7.526,0.228,0.003,5.117,4.044,0.130,4.545,4.849,0.517,81.186,5.000
60750232002,0.255,0.101,0.943,0.428,0.710,0.092,-6.000,0.102,0.015,23.190,16.109,0.108,6.218,17.613,0.266,80.866,5.000
60750201002,0.080,0.124,0.651,0.510,0.724,0.232,13.918,0.000,0.014,16.013,10.569,0.238,11.578,3.220,0.522,80.833,5.000
60750124012,0.117,0.096,0.781,0.755,0.683,0.288,46.145,0.000,0.006,12.992,9.950,0.223,13.036,19.268,0.551,80.806,5.000
60750178012,0.019,0.554,0.741,0.578,0.640,0.535,-4.259,0.069,0.009,9.900,4.682,0.452,0.462,19.268,0.678,80.526,5.000
60750612001,0.207,0.105,0.917,0.504,0.636,0.220,0.852,0.000,0.007,23.200,16.116,0.090,8.457,17.613,0.264,80.186,5.000
60750180001,0.042,0.050,0.602,0.300,0.864,0.048,-5.363,0.348,0.035,9.900,4.682,0.134,3.033,19.268,0.571,80.179,5.000
60750125021,0.044,0.250,0.868,0.725,0.570,0.419,35.204,0.000,0.006,15.500,12.967,0.327,6.702,19.268,0.673,79.813,5.000
60750176015,0.110,0.141,0.733,0.551,0.806,0.117,10.064,0.000,0.004,16.007,10.596,0.227,6.983,19.268,0.609,79.146,5.000
60750177002,0.084,0.097,0.565,0.326,0.783,0.085,3.854,0.000,0.155,15.692,9.989,0.158,18.684,10.264,0.451,78.819,5.000
60750124011,0.117,0.096,0.781,0.755,0.683,0.288,55.392,0.000,0.007,12.973,9.928,0.223,8.630,19.268,0.551,78.813,5.000
60750234001,0.300,0.116,0.964,0.629,0.695,0.156,-0.904,0.018,0.010,23.200,16.116,0.149,8.513,17.613,0.169,78.199,5.000
60750177001,0.084,0.097,0.565,0.326,0.783,0.085,2.043,0.000,0.036,15.677,9.961,0.158,9.866,13.468,0.451,78.159,5.000
60750180002,0.042,0.050,0.602,0.300,0.864,0.048,-5.633,0.083,0.050,15.999,10.556,0.134,2.263,19.268,0.571,77.853,5.000
60750230011,0.158,0.179,0.946,0.497,0.619,0.235,5.012,0.000,0.031,23.153,16.082,0.107,4.864,17.549,0.167,77.219,5.000
60750161001,0.121,0.270,0.747,0.631,0.816,0.331,60.183,0.000,0.021,15.497,12.964,0.233,3.727,3.799,0.519,76.539,5.000
60750234002,0.300,0.116,0.964,0.629,0.695,0.156,-5.607,0.080,0.010,23.198,16.114,0.149,5.391,17.613,0.169,76.219,5.000
60750611003,0.136,0.288,0.958,0.800,0.363,0.715,21.299,0.000,0.010,6.400,5.032,0.161,5.376,4.937,0.443,75.853,5.000
60750201004,0.080,0.124,0.651,0.510,0.724,0.232,13.365,0.000,0.002,14.544,7.903,0.238,10.632,3.220,0.522,75.500,5.000
60750208001,0.088,0.102,0.695,0.427,0.716,0.190,13.463,0.000,0.042,13.900,6.735,0.111,4.688,3.220,0.402,74.546,5.000
60750161003,0.121,0.270,0.747,0.631,0.816,0.331,76.500,0.000,0.070,12.109,5.466,0.233,3.387,3.799,0.519,74.539,5.000
60750176013,0.110,0.141,0.733,0.551,0.806,0.117,13.360,0.000,0.001,16.008,10.590,0.227,10.098,19.268,0.609,74.473,5.000
60750161002,0.121,0.270,0.747,0.631,0.816,0.331,73.000,0.000,0.029,11.028,7.580,0.233,2.131,3.799,0.519,74.219,5.000
60750101002,0.059,0.201,0.550,0.333,0.894,0.188,-4.974,0.090,0.003,5.787,4.574,0.132,2.758,4.937,0.526,74.199,5.000
60750124022,0.070,0.120,0.591,0.447,0.949,0.145,40.432,0.000,0.003,15.500,12.967,0.209,8.435,19.268,0.691,74.140,5.000
60759806001,0.116,0.141,0.932,0.450,0.715,0.035,-42.000,0.352,0.001,23.018,15.989,0.092,1.392,17.322,0.267,73.906,5.000
60750612002,0.207,0.105,0.917,0.504,0.636,0.220,7.475,0.000,0.006,23.200,16.116,0.090,9.482,17.613,0.264,73.519,5.000
60750264022,0.185,0.165,0.910,0.178,0.823,0.167,51.470,0.000,0.006,11.251,7.539,0.101,8.886,17.613,0.216,62.860,5.000
60750125022,0.044,0.250,0.868,0.725,0.570,0.419,32.597,0.000,0.002,15.500,12.967,0.327,2.116,19.268,0.673,73.186,5.000
60750208003,0.088,0.102,0.695,0.427,0.716,0.190,28.788,0.000,0.007,13.900,6.735,0.111,9.473,3.220,0.402,73.186,5.000
60750178011,0.019,0.554,0.741,0.578,0.640,0.535,-0.393,0.000,0.000,15.930,10.504,0.452,3.844,19.268,0.678,73.173,5.000
60750607002,0.089,0.063,0.621,0.223,0.959,0.138,-1.998,0.093,0.063,13.174,7.848,0.049,9.804,17.613,0.369,73.173,5.000
60750176014,0.110,0.141,0.733,0.551,0.806,0.117,24.476,0.000,0.001,16.009,10.588,0.227,2.969,19.268,0.609,71.846,5.000
60750123011,0.060,0.331,0.692,0.739,0.691,0.331,30.713,0.000,0.000,15.500,12.967,0.363,9.344,11.930,0.664,71.813,5.000
60750161004,0.121,0.270,0.747,0.631,0.816,0.331,90.289,0.000,0.043,12.109,5.465,0.233,1.656,3.799,0.519,71.226,5.000
60750208002,0.088,0.102,0.695,0.427,0.716,0.190,15.396,0.000,0.006,13.900,6.735,0.111,4.764,3.220,0.402,71.206,5.000
60750176012,0.110,0.141,0.733,0.551,0.806,0.117,9.342,0.000,0.000,16.008,10.592,0.227,7.335,19.268,0.609,71.146,5.000
60750155002,0.069,0.337,0.519,0.390,0.859,0.224,99.000,0.000,0.066,12.100,5.445,0.273,2.217,3.799,0.531,70.886,5.000
60750155003,0.069,0.337,0.519,0.390,0.859,0.224,127.819,0.000,0.010,12.100,5.445,0.273,5.497,3.216,0.531,70.860,5.000
60750228021,0.134,0.170,0.664,0.454,0.816,0.096,33.853,0.000,0.007,13.875,6.722,0.151,7.870,17.613,0.208,70.206,5.000
60750105002,0.086,0.267,0.408,0.172,0.944,0.045,-5.618,0.503,0.004,0.000,0.000,0.074,0.743,4.863,0.542,69.879,5.000
60750107001,0.094,0.243,0.798,0.559,0.540,0.609,34.003,0.000,0.001,6.400,5.058,0.187,15.414,4.937,0.408,69.833,5.000
60750107003,0.094,0.243,0.798,0.559,0.540,0.609,32.079,0.000,0.001,6.400,5.058,0.187,19.235,4.937,0.408,69.833,5.000
60750159002,0.098,0.228,0.609,0.413,0.925,0.195,94.178,0.000,0.048,12.100,5.445,0.140,1.367,3.799,0.507,69.226,5.000
60750123022,0.027,0.083,0.594,0.508,0.942,0.187,58.844,0.000,0.001,15.451,12.914,0.134,8.942,8.544,0.690,69.146,5.000
60750122011,0.056,0.124,0.696,0.462,0.817,0.112,94.269,0.000,0.003,7.900,3.825,0.219,16.971,19.268,0.594,69.133,5.000
60750264031,0.157,0.179,0.960,0.509,0.663,0.338,5.719,0.000,0.012,11.051,7.402,0.092,2.364,17.613,0.195,68.913,5.000
60750233001,0.188,0.107,0.925,0.265,0.706,0.310,6.859,0.000,0.021,23.178,16.100,0.071,3.353,17.613,0.127,68.906,5.000
60750230013,0.158,0.179,0.946,0.497,0.619,0.235,40.207,0.000,0.009,23.196,16.113,0.107,1.412,17.613,0.167,68.586,5.000
60750479012,0.145,0.177,0.576,0.253,0.897,0.080,-5.239,0.097,0.005,4.300,2.711,0.115,6.014,4.581,0.316,68.539,5.000
60750117002,0.027,0.103,0.697,0.379,0.862,0.171,2.209,0.000,0.000,6.177,4.104,0.187,36.664,4.938,0.635,68.473,5.000
60750604001,0.103,0.150,0.573,0.309,0.754,0.112,-7.000,0.150,0.002,7.994,3.947,0.156,2.127,0.260,0.478,68.259,5.000
60750264032,0.161,0.183,0.959,0.520,0.676,0.345,19.160,0.000,0.009,11.200,7.502,0.094,2.506,17.613,0.199,68.239,5.000
60750232001,0.255,0.101,0.943,0.428,0.710,0.092,0.165,0.000,0.006,23.200,16.116,0.108,6.884,17.613,0.266,68.193,5.000
60750257021,0.217,0.150,0.906,0.425,0.593,0.187,39.047,0.000,0.046,11.238,7.529,0.066,5.172,6.195,0.087,67.893,5.000
60750125011,0.095,0.222,0.726,0.795,0.695,0.203,28.330,0.000,0.000,15.500,12.967,0.425,2.100,19.268,0.732,67.853,5.000
60750178022,0.084,0.088,0.584,0.327,0.843,0.119,7.919,0.000,0.001,16.013,10.569,0.229,12.327,19.268,0.427,67.813,5.000
60750264011,0.174,0.165,0.960,0.435,0.650,0.314,46.053,0.000,0.008,11.200,7.502,0.109,1.914,17.613,0.167,67.246,5.000
60750208004,0.088,0.102,0.695,0.427,0.716,0.190,35.728,0.000,0.002,13.900,6.735,0.111,5.206,3.220,0.402,67.206,5.000
60750123012,0.060,0.331,0.692,0.739,0.691,0.331,60.030,0.000,0.000,15.467,12.928,0.363,2.650,19.268,0.664,67.180,5.000
60750168021,0.039,0.079,0.422,0.252,0.903,0.040,39.852,0.000,0.006,15.508,12.933,0.125,5.814,3.799,0.557,66.846,5.000
60750615002,0.093,0.057,0.490,0.172,0.965,0.081,-2.843,0.000,0.000,2.067,0.977,0.081,3.718,19.268,0.474,42.520,2.000
60750113001,0.100,0.312,0.811,0.568,0.497,0.487,82.249,0.000,0.002,6.400,4.467,0.230,10.208,4.937,0.392,66.840,5.000
60750106002,0.094,0.180,0.713,0.579,0.756,0.335,11.346,0.000,0.000,6.391,5.051,0.139,14.038,4.937,0.481,66.826,5.000
60750122021,0.068,0.090,0.676,0.577,0.834,0.229,85.227,0.000,0.002,7.900,3.825,0.205,6.913,17.743,0.540,66.820,5.000
60750124021,0.070,0.120,0.591,0.447,0.949,0.145,31.272,0.000,0.000,15.500,12.967,0.209,6.809,19.268,0.691,66.813,5.000
60750160001,0.038,0.230,0.502,0.274,0.964,0.103,57.860,0.000,0.001,12.232,9.036,0.158,4.279,3.799,0.586,66.526,5.000
60750104001,0.090,0.142,0.435,0.174,0.950,0.083,2.674,0.000,0.021,6.400,5.058,0.077,8.534,4.937,0.485,66.499,5.000
60750162001,0.082,0.070,0.412,0.323,0.977,0.036,48.014,0.000,0.063,15.500,12.967,0.091,10.783,3.799,0.642,66.493,5.000
60750202002,0.082,0.117,0.485,0.328,0.898,0.079,28.002,0.000,0.009,16.013,10.569,0.178,5.354,2.159,0.514,66.206,5.000
60750611001,0.136,0.288,0.958,0.800,0.363,0.715,0.328,0.000,0.001,1.172,0.926,0.161,8.658,4.937,0.443,66.166,5.000
60750254032,0.167,0.126,0.793,0.366,0.820,0.177,9.309,0.000,0.091,13.862,6.734,0.123,2.982,3.220,0.196,65.926,5.000
60750610001,0.254,0.098,0.888,0.129,0.860,0.131,-6.000,0.116,0.004,20.996,14.534,0.071,3.285,17.535,0.184,65.899,5.000
60750258002,0.215,0.140,0.892,0.426,0.703,0.186,54.960,0.000,0.011,11.236,7.528,0.112,4.257,14.222,0.212,65.886,5.000
60750229032,0.147,0.110,0.681,0.317,0.899,0.064,-6.293,0.000,0.015,13.888,6.729,0.098,5.766,17.569,0.271,65.866,5.000
60750264012,0.174,0.165,0.960,0.435,0.650,0.314,46.085,0.000,0.003,11.200,7.502,0.109,2.843,17.613,0.167,65.240,5.000
60750106003,0.094,0.180,0.713,0.579,0.756,0.335,55.884,0.000,0.000,6.400,5.058,0.139,13.665,4.937,0.481,65.160,5.000
60750229012,0.204,0.071,0.752,0.422,0.706,0.203,26.807,0.000,0.011,13.900,6.735,0.115,4.798,3.220,0.242,64.899,5.000
60750123021,0.027,0.083,0.594,0.508,0.942,0.187,80.912,0.000,0.000,11.703,8.399,0.134,10.914,12.125,0.690,64.806,5.000
60750352012,0.155,0.127,0.673,0.219,0.851,0.112,-5.034,0.120,0.019,4.869,2.725,0.082,2.724,1.874,0.246,64.599,5.000
60750229033,0.147,0.110,0.681,0.317,0.899,0.064,-1.362,0.000,0.011,13.900,6.735,0.098,6.966,3.220,0.271,64.546,5.000
60750607001,0.085,0.060,0.638,0.213,0.917,0.132,-9.199,0.393,0.022,2.693,1.279,0.047,0.363,19.047,0.353,64.219,5.000
60750121002,0.010,0.109,0.490,0.372,0.898,0.122,74.404,0.000,0.000,10.979,8.334,0.109,10.294,4.937,0.599,64.153,5.000
60750257012,0.185,0.154,0.790,0.262,0.660,0.162,5.051,0.000,0.084,11.214,7.510,0.082,1.275,3.220,0.187,63.939,5.000
60750257022,0.217,0.150,0.906,0.425,0.593,0.187,17.571,0.000,0.004,11.265,7.549,0.066,3.900,6.646,0.087,63.906,5.000
60750231031,0.452,0.035,0.926,0.840,0.741,0.085,-6.000,0.267,0.001,23.198,16.114,0.126,1.022,17.613,0.291,63.899,5.000
60750105001,0.086,0.267,0.409,0.171,0.944,0.045,-9.124,0.216,0.000,0.001,0.000,0.074,2.317,4.857,0.541,63.873,5.000
60750107004,0.094,0.243,0.798,0.559,0.540,0.609,61.426,0.000,0.000,6.400,5.058,0.187,9.514,4.937,0.408,63.840,5.000
60750106001,0.094,0.180,0.713,0.579,0.756,0.335,83.381,0.000,0.000,6.400,5.058,0.139,15.351,4.937,0.481,63.826,5.000
60750611002,0.136,0.288,0.958,0.800,0.363,0.715,14.067,0.000,0.000,6.391,3.797,0.161,12.009,4.937,0.443,63.826,5.000
60750122012,0.056,0.124,0.696,0.462,0.817,0.112,70.642,0.000,0.000,7.900,3.825,0.219,12.685,19.268,0.594,63.800,5.000
60750354001,0.133,0.139,0.640,0.246,0.797,0.163,-5.000,0.094,0.014,6.426,2.522,0.118,2.750,1.876,0.261,63.599,5.000
60750228022,0.134,0.170,0.664,0.454,0.816,0.096,37.951,0.000,0.003,13.887,6.729,0.151,2.155,14.007,0.208,63.580,5.000
60750209002,0.140,0.094,0.661,0.464,0.804,0.181,35.324,0.000,0.003,13.900,6.735,0.120,6.466,3.220,0.288,63.546,5.000
60750264042,0.211,0.113,0.981,0.424,0.679,0.208,29.565,0.000,0.014,10.944,7.331,0.095,1.569,17.613,0.147,63.259,5.000
60750107002,0.094,0.243,0.798,0.559,0.540,0.609,81.336,0.000,0.000,6.400,5.058,0.187,17.160,4.937,0.408,63.166,5.000
60750162003,0.082,0.070,0.412,0.323,0.977,0.036,53.827,0.000,0.010,15.500,12.967,0.091,8.617,3.799,0.642,63.166,5.000
60750229013,0.204,0.071,0.752,0.422,0.706,0.203,29.100,0.000,0.009,13.900,6.735,0.115,3.202,3.220,0.242,62.919,5.000
60750264041,0.213,0.114,0.981,0.429,0.686,0.210,54.530,0.000,0.011,11.200,7.502,0.096,3.968,17.613,0.149,62.906,5.000
60750228032,0.151,0.068,0.704,0.343,0.789,0.183,21.830,0.000,0.008,13.900,6.735,0.090,5.128,3.220,0.238,62.899,5.000
60759805011,0.127,0.222,0.900,0.644,0.637,0.352,94.961,0.000,0.001,11.066,7.367,0.200,0.856,11.276,0.307,62.566,5.000
60750229022,0.092,0.094,0.675,0.259,0.808,0.064,24.161,0.000,0.008,13.900,6.735,0.101,6.977,3.220,0.169,62.559,5.000
60750124023,0.070,0.120,0.591,0.447,0.949,0.145,63.124,0.000,0.000,11.708,8.406,0.209,4.642,19.268,0.691,62.500,5.000
60750202003,0.082,0.117,0.485,0.328,0.898,0.079,29.806,0.000,0.001,14.961,8.661,0.178,6.908,2.159,0.514,62.193,5.000
60750202001,0.082,0.117,0.485,0.328,0.898,0.079,33.328,0.000,0.001,15.933,10.581,0.178,6.082,3.950,0.514,62.180,5.000
60750257011,0.185,0.154,0.790,0.262,0.660,0.162,24.613,0.000,0.016,11.115,7.389,0.082,2.132,3.220,0.187,61.933,5.000
60750258001,0.215,0.140,0.892,0.426,0.703,0.186,45.806,0.000,0.007,11.200,7.502,0.112,2.825,3.220,0.212,61.926,5.000
60750162002,0.082,0.070,0.412,0.323,0.977,0.036,44.160,0.000,0.045,15.500,12.967,0.091,2.584,3.799,0.642,61.873,5.000
60750615001,0.093,0.057,0.490,0.172,0.964,0.081,-6.340,0.159,0.002,3.444,2.272,0.081,9.611,19.214,0.474,61.819,5.000
60750257023.00,0.217,0.150,0.906,0.425,0.593,0.187,67.125,0.000,0.027,11.200,7.502,0.066,0.238,3.220,0.087,61.279,5.000
60750230032.00,0.174,0.124,0.908,0.223,0.794,0.128,16.450,0.000,0.003,23.200,16.116,0.071,7.075,17.613,0.161,61.213,4.000
60750228033.00,0.151,0.068,0.704,0.343,0.789,0.183,29.362,0.000,0.005,13.900,6.735,0.090,5.974,3.220,0.238,60.893,4.000
60750259001.00,0.144,0.165,0.793,0.175,0.814,0.153,94.255,0.000,0.013,11.200,7.502,0.102,2.828,3.220,0.278,60.573,4.000
60750259002.00,0.144,0.165,0.793,0.175,0.814,0.153,79.913,0.000,0.007,11.200,7.502,0.102,4.630,3.220,0.278,60.560,4.000
60750231032.00,0.452,0.035,0.926,0.840,0.741,0.085,-6.000,0.036,0.003,23.200,16.115,0.126,2.140,17.613,0.291,60.559,4.000
60750159001.00,0.098,0.228,0.609,0.413,0.925,0.195,99.273,0.000,0.000,9.980,4.628,0.140,3.543,3.799,0.507,60.540,4.000
60750118001.00,0.144,0.205,0.933,0.729,0.547,0.643,28.323,0.000,0.000,6.376,3.629,0.156,9.216,4.937,0.388,60.513,4.000
60750209004.00,0.140,0.094,0.661,0.464,0.804,0.181,59.004,0.000,0.000,13.900,6.735,0.120,11.937,3.220,0.288,60.193,4.000
60750110001.00,0.050,0.103,0.538,0.273,0.844,0.133,140.196,0.000,0.006,7.900,3.825,0.059,8.863,4.937,0.432,60.166,4.000
60750104003.00,0.090,0.142,0.435,0.174,0.950,0.083,-0.672,0.001,0.000,5.940,4.695,0.077,10.417,4.937,0.485,60.166,4.000
60750261001.00,0.174,0.171,0.892,0.277,0.756,0.285,127.250,0.000,0.041,8.200,4.483,0.106,3.647,0.521,0.212,59.613,4.000
60750332011.00,0.021,0.049,0.542,0.678,0.925,0.172,26.014,0.000,0.015,8.000,3.950,0.091,0.190,0.261,0.334,59.613,4.000
60750209001.00,0.140,0.094,0.661,0.464,0.804,0.181,49.575,0.000,0.000,13.900,6.735,0.120,9.919,3.220,0.288,59.533,4.000
60750232003.00,0.255,0.101,0.943,0.428,0.710,0.092,28.884,0.000,0.001,23.200,16.116,0.108,10.094,17.613,0.266,59.520,4.000
60750119021.00,0.032,0.158,0.564,0.385,0.893,0.094,109.138,0.000,0.002,6.400,3.643,0.078,10.391,4.937,0.681,59.486,4.000
60750111003.00,0.061,0.144,0.455,0.222,0.881,0.149,145.400,0.000,0.001,7.900,3.825,0.127,11.253,4.811,0.563,59.480,4.000
60750256001.00,0.159,0.163,0.824,0.270,0.772,0.216,70.545,0.000,0.071,8.665,4.942,0.095,2.511,1.158,0.194,59.279,4.000
60750230012.00,0.158,0.179,0.946,0.497,0.619,0.235,47.837,0.000,0.000,23.200,16.116,0.107,1.867,17.613,0.167,59.253,4.000
60750251003.00,0.132,0.113,0.480,0.218,0.957,0.027,-9.229,0.000,0.026,15.842,8.699,0.086,4.450,3.520,0.225,59.239,4.000
60750151002.00,0.007,0.354,0.403,0.153,0.923,0.062,130.129,0.000,0.001,7.900,3.825,0.193,4.907,1.960,0.690,59.200,4.000
60750127001.00,0.118,0.111,0.195,0.113,0.937,0.018,-7.312,0.329,0.036,0.000,0.000,0.098,4.946,0.340,0.486,58.899,4.000
60750103002.00,0.103,0.205,0.434,0.324,0.853,0.097,39.325,0.000,0.003,6.400,5.058,0.077,4.284,3.784,0.360,58.886,4.000
60750228011.00,0.157,0.069,0.549,0.294,0.841,0.074,5.657,0.000,0.078,13.900,6.735,0.059,2.959,6.599,0.288,58.886,4.000
60750615006.00,0.090,0.055,0.504,0.167,0.938,0.079,-6.328,0.181,0.002,5.324,2.518,0.079,0.652,18.726,0.461,58.873,4.000
60750477012.00,0.118,0.178,0.634,0.253,0.850,0.238,128.830,0.000,0.012,4.300,2.711,0.091,6.181,4.615,0.395,58.860,4.000
60750113002.00,0.100,0.312,0.811,0.568,0.497,0.487,93.195,0.000,0.000,6.400,3.643,0.230,7.074,4.937,0.392,58.846,4.000
60750120002.00,0.044,0.120,0.540,0.471,0.953,0.123,116.033,0.000,0.001,7.900,3.825,0.079,19.928,4.810,0.676,58.813,4.000
60750354005.00,0.133,0.139,0.640,0.247,0.797,0.163,10.680,0.000,0.021,6.438,2.532,0.118,2.409,1.847,0.261,58.606,4.000
60750264023.00,0.185,0.165,0.910,0.178,0.823,0.167,113.151,0.000,0.007,11.200,7.502,0.101,3.800,17.613,0.216,58.226,4.000
60759802001.00,0.070,0.394,0.283,0.105,0.948,0.176,-5.200,0.009,0.000,4.300,2.711,0.000,0.000,4.568,0.470,58.226,4.000
60750155001.00,0.069,0.337,0.519,0.390,0.859,0.224,124.540,0.000,0.000,9.991,4.631,0.273,3.213,3.799,0.531,58.213,4.000
60750103001.00,0.103,0.205,0.434,0.324,0.853,0.097,12.912,0.000,0.001,6.401,5.057,0.077,6.306,3.060,0.360,58.213,4.000
60750120001.00,0.044,0.120,0.540,0.471,0.953,0.123,130.962,0.000,0.001,7.900,3.825,0.079,9.623,4.810,0.676,58.153,4.000
60750478011.00,0.104,0.212,0.684,0.229,0.895,0.215,109.527,0.000,0.015,4.300,2.711,0.140,1.787,4.615,0.297,57.913,4.000
60750226001.00,0.087,0.040,0.460,0.069,0.951,0.020,-7.800,0.127,0.003,8.246,3.900,0.023,2.959,17.215,0.304,57.886,4.000
60750203001.00,0.078,0.123,0.348,0.208,0.948,0.034,56.438,0.000,0.021,6.674,3.649,0.105,8.906,2.159,0.439,57.859,4.000
60750179021.00,0.149,0.023,0.754,0.637,0.795,0.022,-7.585,0.381,0.000,97.369,0.279,0.152,0.000,17.579,0.063,57.593,4.000
60750209003.00,0.140,0.094,0.661,0.464,0.804,0.181,53.559,0.000,0.000,13.900,6.735,0.120,7.174,3.220,0.288,57.540,4.000
60750168023.00,0.039,0.079,0.422,0.252,0.903,0.040,57.069,0.000,0.000,15.500,12.967,0.125,8.614,3.425,0.557,57.500,4.000
60750314002.00,0.113,0.141,0.898,0.422,0.707,0.232,246.478,0.000,0.007,8.200,4.483,0.112,7.206,0.521,0.227,57.246,4.000
60750102001.00,0.061,0.186,0.165,0.159,0.984,0.010,-6.449,0.078,0.001,7.679,3.800,0.037,9.293,0.341,0.574,57.199,4.000
60750152003.00,0.097,0.201,0.340,0.225,0.972,0.081,126.648,0.000,0.002,12.100,5.445,0.115,6.527,3.092,0.616,57.186,4.000
60750261004.00,0.174,0.171,0.892,0.277,0.756,0.285,129.533,0.000,0.010,8.200,4.483,0.106,1.504,0.521,0.212,56.960,4.000
60750354003.00,0.133,0.139,0.640,0.247,0.797,0.163,9.417,0.000,0.017,6.400,2.498,0.118,2.803,1.876,0.261,56.933,4.000
60750158013.00,0.143,0.128,0.584,0.362,0.930,0.086,101.694,0.000,0.003,12.099,5.445,0.121,6.688,3.799,0.292,56.873,4.000
60750103003.00,0.103,0.205,0.434,0.324,0.853,0.097,94.972,0.000,0.001,6.404,5.055,0.077,6.394,4.028,0.360,56.866,4.000
60750477011.00,0.118,0.178,0.634,0.253,0.850,0.238,129.209,0.000,0.008,4.300,2.711,0.091,5.041,4.615,0.395,56.866,4.000
60750228012.00,0.157,0.069,0.549,0.294,0.841,0.074,12.800,0.000,0.004,13.900,6.735,0.059,5.004,5.923,0.288,56.866,4.000
60750108001.00,0.093,0.174,0.573,0.267,0.828,0.185,139.905,0.000,0.001,6.902,4.645,0.096,8.241,4.937,0.423,56.846,4.000
60750168022.00,0.039,0.079,0.422,0.252,0.903,0.040,85.068,0.000,0.000,13.696,11.121,0.125,11.321,3.799,0.557,56.826,4.000
60750126021.00,0.148,0.097,0.182,0.071,0.943,0.069,-7.599,0.348,0.029,0.000,0.000,0.063,5.076,0.335,0.529,56.559,4.000
60750229021.00,0.092,0.094,0.675,0.259,0.808,0.064,36.008,0.000,0.002,13.900,6.735,0.101,9.615,3.220,0.169,56.553,4.000
60750427002.00,0.142,0.164,0.620,0.354,0.803,0.266,123.346,0.000,0.003,4.300,2.711,0.132,4.624,4.615,0.417,56.540,4.000
60750615003.00,0.092,0.056,0.495,0.170,0.956,0.080,-16.990,0.228,0.001,0.000,0.000,0.080,1.701,19.093,0.470,56.539,4.000
60750229011.00,0.204,0.071,0.752,0.422,0.706,0.203,36.559,0.000,0.000,13.900,6.735,0.115,9.832,3.220,0.242,56.213,4.000
60750210001.00,0.089,0.092,0.313,0.111,0.971,0.037,69.354,0.000,0.019,13.900,6.735,0.073,13.566,2.159,0.425,56.186,4.000
60750121001.00,0.010,0.109,0.490,0.372,0.898,0.122,105.708,0.000,0.000,7.918,3.853,0.109,6.569,4.937,0.599,56.166,4.000
60750111002.00,0.061,0.144,0.455,0.222,0.881,0.149,151.668,0.000,0.000,7.900,3.825,0.127,10.223,4.852,0.563,56.153,4.000
60750427003.00,0.142,0.164,0.620,0.354,0.803,0.266,133.613,0.000,0.006,4.300,2.711,0.132,2.069,4.615,0.417,55.893,4.000
60750109003.00,0.064,0.145,0.355,0.165,0.955,0.078,86.269,0.000,0.005,7.837,3.794,0.077,7.571,3.179,0.540,55.846,4.000
60750605021.00,0.305,0.068,0.960,0.658,0.708,0.141,79.783,0.000,0.012,11.200,7.502,0.111,0.910,17.613,0.156,55.593,4.000
60750605022.00,0.305,0.068,0.960,0.658,0.708,0.141,73.088,0.000,0.007,11.200,7.502,0.111,0.737,17.613,0.156,55.593,4.000
60750254023.00,0.186,0.099,0.625,0.177,0.901,0.065,7.464,0.000,0.080,13.897,6.736,0.048,6.198,3.220,0.179,55.566,4.000
60750228013.00,0.157,0.069,0.549,0.294,0.841,0.074,10.831,0.000,0.006,13.900,6.735,0.059,6.654,3.220,0.288,55.546,4.000
60750263011.00,0.147,0.150,0.857,0.402,0.692,0.330,177.480,0.000,0.006,8.204,4.488,0.109,4.270,0.521,0.152,55.280,4.000
60750230031.00,0.174,0.124,0.908,0.223,0.794,0.128,45.227,0.000,0.003,23.200,16.116,0.071,1.740,17.613,0.161,55.260,4.000
60750254031.00,0.167,0.126,0.793,0.366,0.820,0.177,83.356,0.000,0.002,9.324,4.927,0.123,6.304,2.942,0.196,55.240,4.000
60750256004.00,0.159,0.163,0.824,0.270,0.772,0.216,106.956,0.000,0.003,9.275,5.565,0.095,4.146,0.915,0.194,54.933,4.000
60750253004.00,0.162,0.086,0.492,0.204,0.923,0.106,52.938,0.000,0.024,13.900,6.735,0.057,10.038,3.033,0.259,54.879,4.000
60750111001.00,0.061,0.144,0.455,0.222,0.881,0.149,158.284,0.000,0.001,7.900,3.825,0.127,6.178,4.937,0.563,54.833,4.000
60750314004.00,0.113,0.141,0.898,0.422,0.707,0.232,270.148,0.000,0.006,8.200,4.483,0.112,5.132,0.521,0.227,54.593,4.000
60750427001.00,0.142,0.164,0.620,0.354,0.803,0.266,123.069,0.000,0.002,4.300,2.711,0.132,3.456,3.909,0.417,54.546,4.000
60750102003.00,0.061,0.188,0.155,0.161,0.996,0.010,-2.139,0.000,0.002,7.700,3.728,0.037,6.826,0.345,0.581,54.533,4.000
60750260012.00,0.198,0.127,0.897,0.350,0.717,0.195,160.195,0.000,0.014,8.200,4.483,0.087,4.943,0.521,0.185,54.266,4.000
60750251001.00,0.132,0.113,0.480,0.218,0.957,0.027,20.003,0.000,0.005,13.900,6.735,0.086,6.127,3.220,0.225,54.226,4.000
60750215001.00,0.149,0.110,0.368,0.120,0.941,0.046,65.984,0.000,0.015,9.837,4.847,0.074,7.338,2.266,0.493,54.186,4.000
60750112003.00,0.060,0.204,0.490,0.290,0.900,0.103,180.227,0.000,0.000,6.701,3.679,0.110,10.363,4.937,0.497,54.160,4.000
60750314003.00,0.113,0.141,0.898,0.422,0.707,0.232,253.362,0.000,0.002,8.200,4.483,0.112,8.509,0.521,0.227,53.906,4.000
60750203002.00,0.078,0.123,0.348,0.208,0.948,0.034,62.248,0.000,0.008,6.095,3.165,0.105,10.913,2.159,0.439,53.853,4.000
60750331003.00,0.192,0.174,0.670,0.119,0.916,0.109,34.929,0.000,0.010,8.000,3.950,0.064,3.513,0.261,0.143,45.959,3.000
60750206001.00,0.074,0.110,0.273,0.175,0.972,0.027,39.876,0.000,0.009,6.173,3.200,0.140,14.332,2.159,0.495,53.846,4.000
60750108003.00,0.093,0.174,0.573,0.267,0.828,0.185,165.258,0.000,0.000,6.693,4.231,0.096,9.227,4.937,0.423,53.840,4.000
60750312012.00,0.130,0.151,0.847,0.332,0.816,0.200,251.963,0.000,0.004,8.200,4.483,0.128,8.359,0.261,0.154,53.593,4.000
60750119022.00,0.032,0.158,0.564,0.385,0.893,0.094,158.572,0.000,0.000,6.400,3.643,0.078,24.300,4.937,0.681,53.480,4.000
60750354002.00,0.133,0.139,0.640,0.247,0.797,0.163,23.091,0.000,0.004,6.400,2.498,0.118,2.553,1.876,0.261,53.266,4.000
60750263012.00,0.147,0.150,0.857,0.402,0.692,0.330,191.119,0.000,0.002,8.200,4.483,0.109,6.687,0.521,0.152,53.260,4.000
60750151001.00,0.007,0.354,0.403,0.153,0.923,0.062,162.103,0.000,0.000,7.900,3.825,0.193,4.151,0.345,0.690,53.220,4.000
60750426011.00,0.176,0.144,0.595,0.385,0.820,0.228,118.087,0.000,0.008,4.300,2.711,0.078,3.607,4.615,0.448,53.206,4.000
60750207001.00,0.077,0.077,0.308,0.163,0.981,0.053,28.670,0.000,0.005,13.900,6.735,0.065,22.175,2.159,0.398,53.193,4.000
60750112001.00,0.060,0.204,0.490,0.290,0.900,0.103,152.280,0.000,0.000,6.545,3.661,0.110,8.593,4.937,0.497,53.160,4.000
60750112002.00,0.060,0.204,0.490,0.290,0.900,0.103,219.975,0.000,0.000,7.069,3.724,0.110,15.455,4.937,0.497,53.153,4.000
60750261003.00,0.174,0.171,0.892,0.277,0.756,0.285,151.347,0.000,0.004,8.200,4.483,0.106,1.897,0.521,0.212,52.960,4.000
60750252001.00,0.190,0.100,0.509,0.276,0.947,0.013,26.605,0.000,0.040,13.900,6.735,0.061,5.735,3.220,0.256,52.893,4.000
60750163001.00,0.079,0.050,0.544,0.314,0.927,0.022,65.147,0.000,0.001,15.134,12.593,0.114,6.197,3.799,0.393,52.866,4.000
60750477013.00,0.118,0.178,0.634,0.253,0.850,0.238,135.524,0.000,0.002,4.300,2.711,0.091,5.577,4.615,0.395,52.866,4.000
60750231022.00,0.351,0.084,0.944,0.601,0.835,0.042,55.103,0.000,0.003,23.200,16.116,0.110,6.825,17.613,0.238,52.866,4.000
60750401003.00,0.109,0.139,0.400,0.264,0.910,0.159,163.201,0.000,0.019,3.200,1.924,0.116,19.847,4.615,0.384,52.846,4.000
60750260041.00,0.170,0.131,0.910,0.372,0.731,0.273,159.059,0.000,0.003,8.200,4.483,0.095,5.409,0.521,0.154,52.606,4.000
60750476004.00,0.158,0.181,0.600,0.194,0.867,0.153,180.206,0.000,0.000,3.694,2.277,0.087,3.676,4.615,0.254,36.567,1.000
60750353006.00,0.134,0.187,0.755,0.214,0.763,0.184,54.567,0.000,0.003,6.400,2.498,0.095,5.320,1.876,0.227,52.586,4.000
60750610002.00,0.252,0.098,0.889,0.128,0.853,0.130,2.643,0.000,0.009,11.171,7.483,0.070,1.594,17.613,0.182,52.586,4.000
60750607003.00,0.089,0.063,0.621,0.223,0.959,0.138,0.121,0.087,0.000,9.900,4.682,0.049,0.388,19.268,0.369,52.553,4.000
60750104002.00,0.090,0.142,0.435,0.174,0.950,0.083,9.680,0.000,0.000,6.400,5.058,0.077,5.088,4.937,0.485,52.520,4.000
60750260032.00,0.180,0.095,0.906,0.431,0.724,0.294,242.593,0.000,0.010,8.212,4.495,0.085,3.657,0.521,0.161,52.280,4.000
60750261002.00,0.174,0.171,0.892,0.277,0.756,0.285,147.271,0.000,0.002,8.200,4.483,0.106,3.414,0.521,0.212,52.273,4.000
60750228031.00,0.151,0.068,0.704,0.343,0.789,0.183,29.670,0.000,0.000,13.900,6.735,0.090,5.453,3.220,0.238,52.233,4.000
60750226002.00,0.090,0.042,0.439,0.072,0.989,0.021,-5.630,0.004,0.006,9.968,4.740,0.024,1.369,17.613,0.316,52.233,4.000
60750451003.00,0.102,0.135,0.551,0.387,0.892,0.063,164.518,0.000,0.020,3.200,1.924,0.077,11.050,4.615,0.379,52.180,4.000
60750119012.00,0.028,0.127,0.498,0.269,0.942,0.081,171.313,0.000,0.000,7.887,3.823,0.110,10.602,4.937,0.586,52.147,4.000
60750257013.00,0.185,0.154,0.790,0.262,0.660,0.162,70.755,0.000,0.001,11.200,7.502,0.082,0.468,3.220,0.187,51.940,4.000
60750312022.00,0.132,0.166,0.876,0.246,0.792,0.191,203.754,0.000,0.007,8.200,4.483,0.100,4.746,0.488,0.184,51.940,4.000
60750352013.00,0.155,0.127,0.673,0.219,0.852,0.112,9.950,0.000,0.030,4.300,2.809,0.082,6.337,1.876,0.246,51.906,4.000
60750108002.00,0.093,0.174,0.573,0.267,0.828,0.185,140.934,0.000,0.000,7.121,4.465,0.096,5.646,4.937,0.423,51.860,4.000
60750104004.00,0.090,0.142,0.435,0.174,0.950,0.083,14.536,0.000,0.000,5.602,4.428,0.077,16.456,4.937,0.485,51.826,4.000
60750312013.00,0.130,0.151,0.847,0.332,0.816,0.200,234.490,0.000,0.013,8.200,4.483,0.128,2.273,0.261,0.154,51.640,4.000
60750210004.00,0.089,0.092,0.313,0.111,0.971,0.037,63.833,0.000,0.007,13.894,6.732,0.073,5.439,2.159,0.425,51.553,4.000
60750260031.00,0.180,0.095,0.906,0.431,0.724,0.294,246.170,0.000,0.005,8.211,4.495,0.085,5.402,0.521,0.161,51.273,4.000
60750256003.00,0.159,0.163,0.824,0.270,0.772,0.216,237.997,0.000,0.001,11.200,7.502,0.095,6.616,3.220,0.194,51.233,3.000
60750479014.00,0.146,0.178,0.573,0.255,0.904,0.081,55.069,0.000,0.007,4.300,2.711,0.116,2.771,4.615,0.318,51.233,3.000
60750153001.00,0.105,0.136,0.354,0.183,0.954,0.049,128.316,0.000,0.010,12.100,5.445,0.062,7.602,1.310,0.389,51.220,3.000
60750479015.00,0.146,0.178,0.573,0.255,0.904,0.081,27.942,0.000,0.002,4.300,2.711,0.116,6.167,4.615,0.318,51.206,3.000
60750152002.00,0.097,0.201,0.340,0.225,0.972,0.081,134.188,0.000,0.000,12.087,5.440,0.115,5.087,2.800,0.616,51.193,3.000
60750260011.00,0.198,0.127,0.897,0.350,0.717,0.195,161.012,0.000,0.005,8.200,4.483,0.087,4.064,0.521,0.185,50.940,3.000
60750253003.00,0.162,0.086,0.492,0.204,0.923,0.106,83.401,0.000,0.006,13.866,6.720,0.057,11.855,3.199,0.259,50.866,3.000
60750452001.00,0.155,0.152,0.548,0.259,0.892,0.183,162.384,0.000,0.015,3.200,1.924,0.107,7.383,4.615,0.291,50.866,3.000
60750163002.00,0.079,0.050,0.544,0.314,0.927,0.022,65.788,0.000,0.000,15.500,12.967,0.114,6.745,3.799,0.393,50.860,3.000
60750119011.00,0.028,0.127,0.498,0.269,0.942,0.081,212.835,0.000,0.000,7.147,3.733,0.110,12.121,4.937,0.586,50.813,3.000
60750353001.00,0.134,0.187,0.755,0.214,0.763,0.184,77.636,0.000,0.006,6.400,2.498,0.095,0.340,1.876,0.227,50.620,3.000
60750330003.00,0.175,0.159,0.644,0.226,0.855,0.115,19.031,0.000,0.016,7.323,3.335,0.079,2.395,1.876,0.230,50.613,3.000
60750313022.00,0.173,0.134,0.870,0.383,0.800,0.183,161.483,0.000,0.005,8.000,3.950,0.115,4.672,0.509,0.215,50.600,3.000
60750313023.00,0.173,0.134,0.870,0.383,0.800,0.183,160.503,0.000,0.004,7.962,3.934,0.115,5.098,0.340,0.215,50.600,3.000
60750153002.00,0.105,0.136,0.354,0.183,0.954,0.049,130.764,0.000,0.008,12.100,5.445,0.062,10.763,0.345,0.389,50.546,3.000
60750165001.00,0.095,0.102,0.417,0.238,0.938,0.083,199.816,0.000,0.019,6.400,3.651,0.098,4.810,3.799,0.360,50.546,3.000
60750354004.00,0.133,0.139,0.640,0.247,0.797,0.163,21.446,0.000,0.001,6.400,2.498,0.118,3.223,1.876,0.261,50.266,3.000
60750352011.00,0.155,0.127,0.673,0.219,0.852,0.112,11.233,0.000,0.039,4.310,2.808,0.082,2.788,1.876,0.246,50.266,3.000
60750164002.00,0.081,0.095,0.366,0.230,0.903,0.018,172.941,0.000,0.021,6.400,3.651,0.066,9.992,3.799,0.423,50.186,3.000
60750203003.00,0.078,0.123,0.348,0.208,0.948,0.034,81.251,0.000,0.004,5.900,3.076,0.105,14.106,2.159,0.439,50.186,3.000
60750615005.00,0.093,0.057,0.490,0.172,0.965,0.081,6.029,0.000,0.000,9.885,4.675,0.081,39.935,19.268,0.474,50.146,3.000
60750314005.00,0.113,0.141,0.898,0.422,0.707,0.232,339.306,0.000,0.003,8.200,4.483,0.112,2.680,0.521,0.227,49.946,3.000
60750263013.00,0.147,0.150,0.857,0.402,0.692,0.330,233.806,0.000,0.002,8.200,4.483,0.109,4.174,0.521,0.152,49.946,3.000
60750256002.00,0.159,0.163,0.824,0.270,0.772,0.216,167.304,0.000,0.001,11.200,7.502,0.095,3.126,3.220,0.194,49.926,3.000
60750332042.00,0.058,0.207,0.665,0.493,0.938,0.183,101.368,0.000,0.000,8.000,3.950,0.118,3.378,0.261,0.356,49.926,3.000
60750352021.00,0.160,0.112,0.577,0.303,0.868,0.134,9.867,0.000,0.051,4.300,2.809,0.075,4.759,1.876,0.235,49.926,3.000
60750477022.00,0.135,0.160,0.609,0.196,0.880,0.179,138.526,0.000,0.007,4.300,2.711,0.115,2.635,4.615,0.261,49.906,3.000
60750254013.00,0.191,0.094,0.582,0.320,0.820,0.113,173.340,0.000,0.002,13.874,6.723,0.113,7.447,2.918,0.299,49.880,3.000
60750312011.00,0.130,0.151,0.847,0.332,0.816,0.200,252.590,0.000,0.002,8.200,4.483,0.128,5.194,0.499,0.154,49.606,3.000
60750255002.00,0.196,0.112,0.807,0.234,0.878,0.120,99.475,0.000,0.039,8.050,4.401,0.064,6.003,1.629,0.203,49.586,3.000
60750158012.00,0.143,0.128,0.584,0.362,0.930,0.086,129.530,0.000,0.000,12.100,5.445,0.121,6.312,3.179,0.292,49.546,3.000
60750332043.00,0.058,0.207,0.665,0.493,0.938,0.183,80.103,0.000,0.000,8.000,3.950,0.118,1.196,0.261,0.356,49.280,3.000
60750352014.00,0.155,0.127,0.673,0.219,0.852,0.112,8.856,0.000,0.034,4.300,2.809,0.082,2.849,1.876,0.246,49.266,3.000
60750352022.00,0.160,0.112,0.577,0.303,0.868,0.134,9.801,0.000,0.063,4.300,2.809,0.075,4.027,1.876,0.235,49.266,3.000
60750329022.00,0.157,0.220,0.718,0.247,0.804,0.175,154.063,0.000,0.003,4.308,2.808,0.109,5.372,1.876,0.273,49.246,3.000
60750476001.00,0.158,0.181,0.600,0.194,0.867,0.153,132.078,0.000,0.008,3.695,2.278,0.087,4.270,4.615,0.254,49.226,3.000
60750259003.00,0.144,0.165,0.793,0.175,0.814,0.153,180.018,0.000,0.000,11.200,7.502,0.102,2.661,16.610,0.278,49.220,3.000
60750254012.00,0.191,0.094,0.582,0.320,0.820,0.113,147.934,0.000,0.001,13.900,6.735,0.113,7.599,3.220,0.299,49.206,3.000
60750165003.00,0.095,0.102,0.417,0.238,0.938,0.083,226.414,0.000,0.015,6.400,3.651,0.098,8.041,3.799,0.360,49.200,3.000
60750215002.00,0.149,0.110,0.368,0.120,0.941,0.046,81.926,0.000,0.004,8.884,4.404,0.074,9.804,2.159,0.493,49.186,3.000
60750605023.00,0.296,0.066,0.961,0.638,0.687,0.137,68.016,0.000,0.001,11.007,7.373,0.108,1.455,17.613,0.151,48.926,3.000
60750255001.00,0.196,0.112,0.807,0.234,0.878,0.120,92.764,0.000,0.047,8.198,4.482,0.064,4.759,2.030,0.203,48.926,3.000
60750478022.00,0.147,0.140,0.699,0.295,0.825,0.112,101.968,0.000,0.002,4.300,2.711,0.112,3.428,4.615,0.418,48.880,3.000
60750110002.00,0.050,0.103,0.538,0.273,0.844,0.133,159.076,0.000,0.001,7.900,3.825,0.059,5.061,4.937,0.432,48.853,3.000
60750401002.00,0.109,0.139,0.400,0.264,0.910,0.159,169.290,0.000,0.005,3.200,1.924,0.116,11.144,4.615,0.384,48.846,3.000
60750206004.00,0.074,0.110,0.273,0.175,0.972,0.027,65.312,0.000,0.003,5.900,3.076,0.140,13.879,2.159,0.495,48.846,3.000
60750353004.00,0.134,0.187,0.755,0.214,0.763,0.184,52.883,0.000,0.002,6.411,2.508,0.095,2.355,1.876,0.227,48.613,3.000
60750478012.00,0.104,0.212,0.684,0.229,0.895,0.215,142.043,0.000,0.002,4.300,2.711,0.140,1.649,4.615,0.297,48.580,3.000
60750477021.00,0.135,0.160,0.609,0.196,0.880,0.179,138.649,0.000,0.004,4.300,2.711,0.115,2.844,4.615,0.261,48.573,3.000
60750477023.00,0.135,0.160,0.609,0.196,0.880,0.179,135.434,0.000,0.004,4.300,2.711,0.115,2.839,4.615,0.261,48.573,3.000
60750227041.00,0.098,0.117,0.308,0.093,0.987,0.015,9.177,0.000,0.003,9.904,4.684,0.076,2.200,17.613,0.390,48.553,3.000
60750165002.00,0.095,0.102,0.417,0.238,0.938,0.083,210.424,0.000,0.013,6.400,3.651,0.098,6.481,3.799,0.360,48.540,3.000
60750615004.00,0.093,0.057,0.490,0.172,0.965,0.081,-1.318,0.077,0.001,2.110,0.998,0.081,0.696,19.268,0.474,48.539,3.000
60750109002.00,0.064,0.145,0.355,0.165,0.955,0.078,134.333,0.000,0.001,7.900,3.825,0.077,6.266,4.937,0.540,48.506,3.000
60750262004.00,0.162,0.173,0.884,0.276,0.770,0.197,282.474,0.000,0.016,8.021,4.386,0.090,3.647,0.521,0.065,48.286,3.000
60750229031.00,0.147,0.110,0.681,0.317,0.899,0.064,28.161,0.000,0.000,13.900,6.735,0.098,4.086,3.220,0.271,48.233,3.000
60750168012.00,0.116,0.062,0.426,0.235,0.971,0.011,103.679,0.000,0.011,6.431,3.681,0.081,7.463,3.015,0.480,48.193,3.000
60750352023.00,0.160,0.112,0.577,0.303,0.868,0.134,9.279,0.000,0.047,4.300,2.809,0.075,2.488,1.876,0.235,47.946,3.000
60750254021.00,0.186,0.099,0.625,0.177,0.901,0.065,76.353,0.000,0.007,13.900,6.735,0.048,4.762,3.220,0.179,47.913,3.000
60750254011.00,0.191,0.094,0.582,0.320,0.820,0.113,126.704,0.000,0.001,13.899,6.735,0.113,4.609,3.084,0.299,47.900,3.000
60750614002.00,0.178,0.061,0.430,0.201,0.928,0.046,6.264,0.000,0.006,9.900,4.682,0.073,2.047,17.613,0.267,47.899,3.000
60750157002.00,0.061,0.097,0.495,0.242,0.933,0.050,200.500,0.000,0.004,8.825,4.323,0.081,6.259,3.799,0.342,47.873,3.000
60750102002.00,0.061,0.188,0.155,0.161,0.996,0.010,81.530,0.000,0.001,7.842,3.803,0.037,7.827,0.345,0.581,47.866,3.000
60750332041.00,0.058,0.207,0.665,0.493,0.938,0.183,119.854,0.000,0.000,8.000,3.950,0.118,1.386,0.261,0.356,47.613,3.000
60750329014.00,0.146,0.187,0.782,0.212,0.854,0.172,127.840,0.000,0.004,6.400,2.498,0.101,3.826,1.876,0.137,47.613,3.000
60750255006.00,0.196,0.112,0.807,0.234,0.878,0.120,104.249,0.000,0.030,8.117,4.438,0.064,4.202,0.510,0.203,47.606,3.000
60750158011.00,0.143,0.128,0.584,0.362,0.930,0.086,105.946,0.000,0.001,12.100,5.445,0.121,2.404,3.799,0.292,47.580,3.000
60750264021.00,0.185,0.165,0.910,0.178,0.823,0.167,213.111,0.000,0.001,11.200,7.502,0.101,2.049,17.613,0.216,47.573,3.000
60750401004.00,0.109,0.139,0.400,0.264,0.910,0.159,163.888,0.000,0.007,3.189,1.917,0.116,7.435,1.708,0.384,47.553,3.000
60750129021.00,0.072,0.115,0.272,0.137,0.983,0.025,31.873,0.000,0.025,0.004,0.002,0.038,10.441,0.345,0.551,47.533,3.000
60750210002.00,0.089,0.092,0.313,0.111,0.971,0.037,72.745,0.000,0.001,13.900,6.735,0.073,11.600,2.159,0.425,47.526,3.000
60750169001.00,0.052,0.088,0.299,0.210,0.952,0.012,85.760,0.000,0.005,5.900,3.076,0.109,10.229,2.159,0.452,47.526,3.000
60750110003.00,0.050,0.103,0.538,0.273,0.844,0.133,174.831,0.000,0.000,7.900,3.825,0.059,7.641,4.937,0.432,47.507,3.000
60750262003.00,0.162,0.173,0.884,0.276,0.770,0.197,245.648,0.000,0.003,8.200,4.483,0.090,4.422,0.521,0.065,47.280,3.000
60750352015.00,0.155,0.127,0.673,0.219,0.852,0.112,8.913,0.000,0.014,4.300,2.809,0.082,1.947,1.876,0.246,47.273,3.000
60750255005.00,0.196,0.112,0.807,0.234,0.878,0.120,123.000,0.000,0.010,8.200,4.483,0.064,6.231,0.521,0.203,47.260,3.000
60750314001.00,0.113,0.141,0.898,0.422,0.707,0.232,337.153,0.000,0.000,8.200,4.483,0.112,6.676,0.521,0.227,47.253,3.000
60750426012.00,0.176,0.144,0.595,0.385,0.820,0.228,113.760,0.000,0.002,4.300,2.711,0.078,2.997,4.615,0.448,47.213,3.000
60750205002.00,0.071,0.118,0.221,0.190,0.980,0.028,108.902,0.000,0.011,5.900,3.076,0.057,9.825,2.159,0.431,47.193,3.000
60750263031.00,0.212,0.147,0.885,0.289,0.707,0.243,251.393,0.000,0.007,8.083,4.420,0.086,2.488,0.521,0.140,46.966,3.000
60750330005.00,0.175,0.159,0.644,0.226,0.855,0.115,110.943,0.000,0.008,6.400,2.498,0.079,4.816,1.876,0.230,46.920,3.000
60750231021.00,0.351,0.084,0.944,0.601,0.835,0.042,5.775,0.000,0.001,23.200,16.116,0.110,1.372,17.613,0.238,46.913,3.000
60750353002.00,0.134,0.187,0.755,0.214,0.763,0.184,87.829,0.000,0.002,6.400,2.498,0.095,1.760,1.876,0.227,46.620,3.000
60750263023.00,0.182,0.128,0.838,0.222,0.781,0.145,140.584,0.000,0.002,10.079,6.384,0.094,3.711,2.078,0.159,46.606,3.000
60750478013.00,0.104,0.212,0.684,0.229,0.895,0.215,152.166,0.000,0.000,4.300,2.711,0.140,1.981,4.615,0.297,46.573,3.000
60750614001.00,0.178,0.061,0.430,0.201,0.928,0.046,7.335,0.000,0.003,9.927,4.697,0.073,3.548,17.613,0.267,46.553,3.000
60750207002.00,0.077,0.077,0.308,0.163,0.981,0.053,39.671,0.000,0.001,13.900,6.735,0.065,12.427,2.159,0.398,46.526,3.000
60750332031.00,0.121,0.096,0.579,0.370,0.920,0.129,39.192,0.000,0.002,8.000,3.950,0.103,3.581,0.261,0.249,46.273,3.000
60750253001.00,0.162,0.086,0.492,0.204,0.923,0.106,97.690,0.000,0.003,13.900,6.735,0.057,4.557,3.220,0.259,46.233,3.000
60750452003.00,0.155,0.152,0.548,0.259,0.892,0.183,207.552,0.000,0.011,3.200,1.924,0.107,4.154,4.615,0.291,46.220,3.000
60750210003.00,0.089,0.092,0.313,0.111,0.971,0.037,76.300,0.000,0.000,13.900,6.735,0.073,10.147,2.159,0.425,46.193,3.000
60750260042.00,0.170,0.131,0.910,0.372,0.731,0.273,208.661,0.000,0.001,8.232,4.515,0.095,3.812,0.521,0.154,45.953,3.000
60750353003.00,0.134,0.187,0.755,0.214,0.763,0.184,56.769,0.000,0.001,6.400,2.498,0.095,2.483,1.876,0.227,45.946,3.000
60750353005.00,0.134,0.187,0.755,0.214,0.763,0.184,47.936,0.000,0.000,6.404,2.502,0.095,2.075,1.876,0.227,45.946,3.000
60750479011.00,0.146,0.178,0.573,0.255,0.904,0.081,112.440,0.000,0.002,4.300,2.711,0.116,4.390,4.615,0.318,45.886,3.000
60750167001.00,0.044,0.074,0.227,0.204,0.984,0.006,128.506,0.000,0.019,6.400,3.651,0.037,4.308,3.799,0.415,45.880,3.000
60750152001.00,0.097,0.201,0.340,0.225,0.972,0.081,180.722,0.000,0.000,7.900,3.825,0.115,3.408,3.214,0.616,45.867,3.000
60750167004.00,0.044,0.074,0.227,0.204,0.984,0.006,153.250,0.000,0.014,6.400,3.651,0.037,6.489,3.799,0.415,45.866,3.000
60750109001.00,0.064,0.145,0.355,0.165,0.955,0.078,190.555,0.000,0.001,7.891,3.833,0.077,8.147,2.639,0.540,45.853,3.000
60750351007.00,0.162,0.171,0.675,0.209,0.871,0.103,53.862,0.000,0.003,4.808,2.734,0.079,4.205,1.876,0.248,45.586,3.000
60750402002.00,0.117,0.146,0.511,0.162,0.897,0.080,154.726,0.000,0.007,3.200,1.924,0.084,4.826,4.615,0.401,45.533,3.000
60750164001.00,0.081,0.095,0.366,0.230,0.903,0.018,150.831,0.000,0.003,6.400,3.651,0.066,6.993,3.799,0.423,45.526,3.000
60750262001.00,0.162,0.173,0.884,0.276,0.770,0.197,175.866,0.000,0.002,8.200,4.483,0.090,2.436,0.521,0.065,45.300,3.000
60750255003.00,0.196,0.112,0.807,0.234,0.878,0.120,104.623,0.000,0.008,8.200,4.483,0.064,3.957,0.521,0.203,45.280,3.000
60750254022.00,0.186,0.099,0.625,0.177,0.901,0.065,26.556,0.000,0.001,13.900,6.735,0.048,5.972,3.220,0.179,45.233,3.000
60750479013.00,0.146,0.178,0.573,0.255,0.904,0.081,62.833,0.000,0.001,4.300,2.711,0.116,4.040,4.615,0.318,45.226,3.000
60750166004.00,0.066,0.055,0.297,0.232,0.970,0.077,221.406,0.000,0.011,6.400,3.651,0.081,8.074,3.799,0.340,45.200,3.000
60750158021.00,0.069,0.064,0.354,0.285,0.983,0.036,144.250,0.000,0.000,12.098,5.445,0.092,8.321,3.799,0.524,45.173,3.000
60750326022.00,0.122,0.152,0.630,0.286,0.901,0.226,237.293,0.000,0.016,4.300,2.809,0.114,2.353,1.876,0.273,44.940,3.000
60750252002.00,0.190,0.100,0.509,0.276,0.947,0.013,38.303,0.000,0.001,13.900,6.735,0.061,5.457,3.220,0.256,44.893,3.000
60750126011.00,0.089,0.104,0.219,0.071,0.983,0.014,0.252,0.000,0.017,0.000,0.000,0.044,5.006,0.345,0.572,44.546,3.000
60750614003.00,0.178,0.061,0.430,0.201,0.928,0.046,58.951,0.000,0.002,9.908,4.686,0.073,6.518,17.613,0.267,44.533,3.000
60750158022.00,0.069,0.064,0.354,0.285,0.983,0.036,134.773,0.000,0.001,7.340,3.947,0.092,6.410,3.799,0.524,44.520,3.000
60750329012.00,0.146,0.187,0.782,0.212,0.854,0.172,139.730,0.000,0.002,6.400,2.498,0.101,2.515,1.876,0.137,44.286,3.000
60750327007.00,0.143,0.179,0.656,0.216,0.841,0.179,106.287,0.000,0.005,4.300,2.809,0.097,3.076,1.876,0.159,44.286,3.000
60750260022.00,0.171,0.161,0.746,0.278,0.808,0.149,200.444,0.000,0.002,8.811,5.099,0.099,5.172,0.938,0.156,44.266,2.000
60750330006.00,0.175,0.159,0.644,0.226,0.855,0.115,72.004,0.000,0.003,6.400,2.498,0.079,3.615,1.876,0.230,44.266,2.000
60750255004.00,0.196,0.112,0.807,0.234,0.878,0.120,117.493,0.000,0.006,8.200,4.483,0.064,6.686,0.521,0.203,44.253,2.000
60750452004.00,0.155,0.152,0.548,0.259,0.892,0.183,167.661,0.000,0.002,3.200,1.924,0.107,4.919,4.615,0.291,44.213,2.000
60750215003.00,0.149,0.110,0.368,0.120,0.941,0.046,88.222,0.000,0.006,5.996,3.061,0.074,4.880,2.159,0.493,44.206,2.000
60750227021.00,0.158,0.074,0.319,0.066,0.959,0.037,9.507,0.000,0.002,9.900,4.682,0.045,4.303,17.613,0.276,44.206,2.000
60750163003.00,0.079,0.050,0.544,0.314,0.927,0.022,92.256,0.000,0.000,6.417,3.668,0.114,9.869,3.799,0.393,44.186,2.000
60750402001.00,0.117,0.146,0.511,0.162,0.897,0.080,161.222,0.000,0.012,3.195,1.921,0.084,3.317,3.704,0.401,43.886,2.000
60750169002.00,0.052,0.088,0.299,0.210,0.952,0.012,116.671,0.000,0.002,5.901,3.076,0.109,6.907,2.159,0.452,43.866,2.000
60750227042.00,0.098,0.117,0.308,0.093,0.987,0.015,70.670,0.000,0.001,9.979,4.722,0.076,4.180,17.613,0.390,43.866,2.000
60750207003.00,0.077,0.077,0.308,0.163,0.981,0.053,60.475,0.000,0.000,13.900,6.735,0.065,13.318,2.159,0.398,43.860,2.000
60750402003.00,0.117,0.146,0.511,0.162,0.897,0.080,135.093,0.000,0.003,3.200,1.924,0.084,6.138,4.615,0.401,43.860,2.000
60750351001.00,0.162,0.171,0.675,0.209,0.871,0.103,67.505,0.000,0.004,4.300,2.809,0.079,2.568,1.876,0.248,43.600,2.000
60750132002.00,0.128,0.235,0.197,0.072,0.994,0.015,76.660,0.000,0.003,6.806,3.063,0.069,3.401,0.345,0.470,43.573,2.000
60750129011.00,0.061,0.092,0.229,0.061,0.986,0.019,35.297,0.000,0.012,0.007,0.004,0.050,6.819,0.345,0.501,43.539,2.000
60750168013.00,0.116,0.062,0.426,0.235,0.971,0.011,88.129,0.000,0.000,15.293,12.754,0.081,7.652,2.713,0.480,43.526,2.000
60750452002.00,0.155,0.152,0.548,0.259,0.892,0.183,181.732,0.000,0.001,3.209,1.931,0.107,9.485,4.615,0.291,43.526,2.000
60750262005.00,0.161,0.172,0.885,0.274,0.764,0.196,227.387,0.000,0.004,7.964,4.354,0.089,1.935,0.521,0.065,43.300,2.000
60750329023.00,0.157,0.220,0.718,0.247,0.804,0.175,156.841,0.000,0.001,6.399,2.498,0.109,0.822,1.876,0.273,43.280,2.000
60750328012.00,0.185,0.208,0.723,0.222,0.847,0.170,233.594,0.000,0.003,6.400,2.498,0.110,6.560,1.876,0.161,43.260,2.000
60750328022.00,0.136,0.175,0.803,0.248,0.840,0.208,295.300,0.000,0.002,5.003,2.705,0.115,3.587,1.876,0.274,43.253,2.000
60750476003.00,0.158,0.181,0.600,0.194,0.867,0.153,151.777,0.000,0.003,3.693,2.276,0.087,2.004,4.615,0.254,43.246,2.000
60750479023.00,0.117,0.172,0.540,0.291,0.914,0.086,200.305,0.000,0.003,4.300,2.711,0.092,3.241,4.615,0.325,43.233,2.000
60750131022.00,0.051,0.250,0.129,0.113,0.988,0.005,130.414,0.000,0.000,5.183,2.509,0.098,4.741,0.345,0.529,43.226,2.000
60750135002.00,0.074,0.127,0.264,0.107,0.969,0.041,156.583,0.000,0.001,12.093,5.442,0.084,4.106,0.345,0.634,43.220,2.000
60750166003.00,0.066,0.055,0.297,0.232,0.970,0.077,237.613,0.000,0.007,6.400,3.651,0.081,6.218,3.799,0.340,43.206,2.000
60750205001.00,0.071,0.118,0.221,0.190,0.980,0.028,109.781,0.000,0.005,5.900,3.076,0.057,6.306,2.159,0.431,43.206,2.000
60750302021.00,0.097,0.087,0.514,0.243,0.942,0.056,233.657,0.000,0.026,4.300,2.809,0.024,8.054,3.799,0.403,43.193,2.000
60750312014.00,0.130,0.151,0.847,0.332,0.816,0.200,275.386,0.000,0.001,8.200,4.483,0.128,2.463,0.521,0.154,42.967,2.000
60750263032.00,0.212,0.147,0.886,0.288,0.705,0.242,277.546,0.000,0.003,8.183,4.474,0.086,2.297,0.521,0.140,42.966,2.000
60750326023.00,0.122,0.152,0.630,0.286,0.901,0.226,242.980,0.000,0.005,4.300,2.809,0.114,2.910,1.876,0.273,42.933,2.000
60750313011.00,0.174,0.152,0.819,0.267,0.833,0.133,195.372,0.000,0.002,7.672,3.826,0.115,6.392,0.513,0.208,42.926,2.000
60750157001.00,0.061,0.097,0.495,0.242,0.933,0.050,192.812,0.000,0.001,10.064,4.640,0.081,6.383,0.653,0.342,42.893,2.000
60750452005.00,0.155,0.152,0.548,0.259,0.892,0.183,160.900,0.000,0.002,3.200,1.924,0.107,4.906,4.615,0.291,42.880,2.000
60750329013.00,0.146,0.187,0.782,0.212,0.854,0.172,136.139,0.000,0.002,6.400,2.498,0.101,3.913,1.876,0.137,42.613,2.000
60750127003.00,0.121,0.114,0.173,0.116,0.963,0.019,3.485,0.000,0.011,0.000,0.000,0.101,1.745,0.345,0.500,42.586,2.000
60750426022.00,0.207,0.153,0.450,0.165,0.905,0.087,117.442,0.000,0.031,3.585,2.199,0.093,2.841,4.615,0.271,42.573,2.000
60750127002.00,0.121,0.114,0.173,0.116,0.963,0.019,2.254,0.000,0.007,0.000,0.000,0.101,2.806,0.345,0.500,42.573,2.000
60750166001.00,0.066,0.055,0.297,0.232,0.970,0.077,202.946,0.000,0.003,6.400,3.651,0.081,8.011,3.799,0.340,42.533,2.000
60750204022.00,0.067,0.141,0.296,0.125,0.982,0.019,212.658,0.000,0.006,4.636,2.456,0.121,5.775,2.159,0.502,42.533,2.000
60750205003.00,0.071,0.118,0.221,0.190,0.980,0.028,156.295,0.000,0.004,5.900,3.076,0.057,10.843,2.159,0.431,42.520,2.000
60750260021.00,0.171,0.161,0.746,0.278,0.808,0.149,148.971,0.000,0.001,8.202,4.485,0.099,2.219,0.521,0.156,42.300,2.000
60750131021.00,0.051,0.250,0.129,0.113,0.988,0.005,178.648,0.000,0.000,7.900,3.825,0.098,2.657,0.345,0.529,42.240,2.000
60750253002.00,0.162,0.086,0.492,0.204,0.923,0.106,119.185,0.000,0.001,13.900,6.735,0.057,4.193,3.220,0.259,42.233,2.000
60750251002.00,0.132,0.113,0.480,0.218,0.957,0.027,106.901,0.000,0.000,13.900,6.735,0.086,6.074,3.220,0.225,42.226,2.000
60750130001.00,0.089,0.142,0.186,0.144,0.965,0.008,48.099,0.000,0.008,0.015,0.007,0.057,5.436,0.345,0.485,42.226,2.000
60750128001.00,0.173,0.118,0.265,0.115,0.958,0.017,8.500,0.000,0.015,0.000,0.000,0.056,6.095,0.345,0.500,42.213,2.000
60750428002.00,0.275,0.202,0.331,0.097,0.965,0.036,-5.200,0.029,0.005,4.046,2.551,0.065,2.357,0.343,0.219,41.953,2.000
60750476002.00,0.158,0.181,0.600,0.194,0.867,0.153,147.817,0.000,0.002,3.695,2.278,0.087,2.244,4.615,0.254,41.913,2.000
60750129022.00,0.072,0.115,0.272,0.137,0.983,0.025,27.712,0.000,0.012,0.000,0.000,0.038,3.778,0.345,0.551,41.899,2.000
60750402004.00,0.117,0.146,0.511,0.162,0.897,0.080,129.982,0.000,0.006,3.198,1.922,0.084,3.579,3.013,0.401,41.893,2.000
60750479021.00,0.117,0.172,0.540,0.291,0.914,0.086,174.010,0.000,0.001,4.300,2.711,0.092,6.231,4.615,0.325,41.873,2.000
60750166002.00,0.066,0.055,0.297,0.232,0.970,0.077,256.262,0.000,0.004,6.400,3.651,0.081,8.651,3.799,0.340,41.860,2.000
60750206002.00,0.074,0.110,0.273,0.175,0.972,0.027,107.993,0.000,0.000,6.066,3.152,0.140,12.315,2.159,0.495,41.846,2.000
60750302022.00,0.097,0.087,0.514,0.243,0.942,0.056,233.632,0.000,0.008,4.300,2.809,0.024,14.997,3.799,0.403,41.846,2.000
60750329021.00,0.157,0.220,0.718,0.247,0.804,0.175,154.284,0.000,0.001,4.300,2.809,0.109,2.437,1.876,0.273,41.606,2.000
60750305003.00,0.144,0.269,0.471,0.164,0.896,0.075,388.737,0.000,0.005,3.603,1.948,0.206,3.013,0.261,0.333,41.600,2.000
60750401001.00,0.109,0.139,0.400,0.264,0.910,0.159,171.334,0.000,0.002,3.191,1.918,0.116,6.904,0.345,0.384,41.560,2.000
60750451002.00,0.102,0.135,0.551,0.387,0.892,0.063,181.582,0.000,0.001,3.216,1.936,0.077,6.719,4.615,0.379,41.526,2.000
60750262002.00,0.162,0.173,0.884,0.276,0.770,0.197,226.476,0.000,0.001,8.200,4.483,0.090,2.505,0.521,0.065,41.300,2.000
60750479022.00,0.117,0.172,0.540,0.291,0.914,0.086,176.997,0.000,0.001,4.300,2.711,0.092,3.426,4.615,0.325,41.226,2.000
60750426021.00,0.207,0.153,0.450,0.165,0.905,0.087,136.771,0.000,0.007,3.587,2.201,0.093,4.367,4.615,0.271,41.226,2.000
60750327004.00,0.143,0.179,0.656,0.216,0.841,0.179,221.858,0.000,0.006,4.300,2.809,0.097,3.319,1.876,0.159,40.946,2.000
60750327003.00,0.143,0.179,0.656,0.216,0.841,0.179,197.964,0.000,0.003,4.300,2.809,0.097,4.898,1.876,0.159,40.933,2.000
60750351003.00,0.162,0.171,0.675,0.209,0.871,0.103,70.564,0.000,0.002,4.300,2.809,0.079,2.609,1.876,0.248,40.933,2.000
60750211002.00,0.150,0.114,0.320,0.147,0.985,0.010,105.254,0.000,0.003,6.148,3.189,0.092,12.287,2.159,0.323,40.873,2.000
60750451001.00,0.102,0.135,0.551,0.387,0.892,0.063,174.806,0.000,0.001,3.207,1.930,0.077,9.241,4.615,0.379,40.853,2.000
60750312021.00,0.132,0.166,0.876,0.246,0.792,0.191,326.966,0.000,0.000,8.200,4.483,0.100,3.876,0.521,0.184,40.613,2.000
60750309003.00,0.187,0.215,0.536,0.080,0.933,0.074,186.806,0.000,0.031,4.895,2.776,0.083,6.582,0.261,0.139,40.606,2.000
60750302012.00,0.120,0.134,0.410,0.171,0.912,0.100,209.846,0.000,0.008,4.300,2.809,0.089,3.667,3.174,0.307,40.566,2.000
60750154002.00,0.135,0.139,0.400,0.189,0.961,0.027,165.685,0.000,0.000,12.095,5.443,0.096,8.333,1.467,0.417,40.540,2.000
60750326021.00,0.122,0.152,0.630,0.286,0.901,0.226,179.680,0.000,0.001,4.300,2.809,0.114,2.570,1.876,0.273,40.266,2.000
60750217002.00,0.172,0.195,0.402,0.165,0.941,0.039,174.903,0.000,0.008,3.600,1.947,0.109,3.336,2.159,0.391,40.240,2.000
60750167002.00,0.044,0.074,0.227,0.204,0.984,0.006,117.250,0.000,0.005,6.396,3.646,0.037,3.719,2.159,0.415,40.233,2.000
60750227022.00,0.158,0.074,0.319,0.066,0.959,0.037,49.752,0.000,0.001,9.900,4.682,0.045,4.317,17.613,0.276,40.206,2.000
60750215004.00,0.149,0.110,0.368,0.120,0.941,0.046,117.830,0.000,0.003,3.600,1.947,0.074,11.353,2.159,0.493,40.180,2.000
60750329011.00,0.146,0.187,0.782,0.212,0.854,0.172,146.716,0.000,0.001,6.400,2.498,0.101,1.951,1.876,0.137,39.960,2.000
60750326011.00,0.126,0.123,0.662,0.197,0.897,0.119,183.671,0.000,0.006,4.300,2.809,0.071,4.189,1.876,0.250,39.920,2.000
60750126022.00,0.152,0.100,0.156,0.073,0.972,0.071,-7.205,0.006,0.001,0.014,0.007,0.065,3.737,0.345,0.545,39.899,2.000
60750134002.00,0.106,0.138,0.218,0.119,0.966,0.014,157.623,0.000,0.002,12.100,5.445,0.054,5.480,0.345,0.465,39.893,2.000
60750170002.00,0.072,0.145,0.226,0.116,0.990,0.003,139.549,0.000,0.003,5.973,3.159,0.068,4.290,2.159,0.505,39.880,2.000
60750309006.00,0.187,0.215,0.536,0.080,0.933,0.074,164.250,0.000,0.011,7.998,3.949,0.083,0.000,0.261,0.139,39.646,2.000
60750351006.00,0.162,0.171,0.675,0.209,0.871,0.103,57.485,0.000,0.002,4.300,2.809,0.079,0.346,1.876,0.248,39.613,2.000
60750252003.00,0.190,0.100,0.509,0.276,0.947,0.013,87.691,0.000,0.001,13.900,6.735,0.061,3.628,3.220,0.256,39.573,2.000
60750165004.00,0.095,0.102,0.417,0.238,0.938,0.083,233.845,0.000,0.002,6.398,3.650,0.098,2.145,4.207,0.360,39.566,2.000
60750478021.00,0.147,0.140,0.699,0.295,0.825,0.112,204.132,0.000,0.001,4.300,2.711,0.112,1.919,4.615,0.418,39.560,2.000
60750478023.00,0.147,0.140,0.699,0.295,0.825,0.112,168.612,0.000,0.000,4.300,2.711,0.112,2.082,4.615,0.418,39.560,2.000
60750301011.00,0.085,0.088,0.384,0.270,0.969,0.043,266.866,0.000,0.004,6.137,3.542,0.086,4.636,3.799,0.420,39.546,2.000
60750168011.00,0.116,0.062,0.426,0.235,0.971,0.011,125.534,0.000,0.001,6.438,3.690,0.081,7.671,3.799,0.480,39.520,2.000
60750206003.00,0.074,0.110,0.273,0.175,0.972,0.027,130.000,0.000,0.000,5.900,3.076,0.140,11.970,2.159,0.495,39.513,2.000
60750327002.00,0.143,0.179,0.656,0.216,0.841,0.179,155.826,0.000,0.002,4.300,2.809,0.097,2.043,1.876,0.159,39.293,2.000
60750311002.00,0.138,0.131,0.541,0.165,0.941,0.069,150.792,0.000,0.007,5.421,2.952,0.074,7.207,0.261,0.245,39.253,2.000
60750135001.00,0.074,0.127,0.264,0.107,0.969,0.041,190.562,0.000,0.000,12.085,5.439,0.084,4.277,0.345,0.634,39.220,2.000
60750327006.00,0.143,0.179,0.656,0.216,0.841,0.179,167.753,0.000,0.003,4.300,2.809,0.097,1.622,1.876,0.159,38.966,2.000
60750332032.00,0.121,0.096,0.579,0.370,0.920,0.129,71.757,0.000,0.000,8.000,3.950,0.103,1.242,0.261,0.249,38.960,2.000
60750311003.00,0.138,0.131,0.541,0.165,0.941,0.069,188.638,0.000,0.004,8.200,4.483,0.074,3.826,0.261,0.245,38.946,2.000
60750327001.00,0.143,0.179,0.656,0.216,0.841,0.179,148.324,0.000,0.001,4.300,2.809,0.097,4.229,1.876,0.159,38.940,2.000
60750128003.00,0.173,0.118,0.265,0.115,0.958,0.017,18.971,0.000,0.004,0.000,0.000,0.056,5.208,0.345,0.500,38.886,2.000
60750170001.00,0.072,0.145,0.226,0.116,0.990,0.003,185.614,0.000,0.002,6.135,3.346,0.068,8.139,2.159,0.505,38.860,2.000
60750309004.00,0.187,0.215,0.536,0.080,0.933,0.074,162.777,0.000,0.006,4.876,2.767,0.083,5.657,0.261,0.139,38.613,2.000
60750330002.00,0.175,0.159,0.644,0.226,0.855,0.115,169.073,0.000,0.003,6.400,2.498,0.079,4.094,1.876,0.230,38.593,2.000
60750303013.00,0.130,0.184,0.514,0.128,0.909,0.127,354.595,0.000,0.003,4.303,2.804,0.078,8.486,0.261,0.292,38.566,2.000
60750132001.00,0.128,0.235,0.197,0.072,0.994,0.015,131.150,0.000,0.000,7.947,3.577,0.069,6.457,0.345,0.470,38.553,2.000
60750204013.00,0.062,0.086,0.221,0.088,0.981,0.021,165.136,0.000,0.003,5.900,3.076,0.080,9.921,2.159,0.450,38.526,2.000
60750263021.00,0.184,0.129,0.837,0.224,0.787,0.146,224.035,0.000,0.001,8.221,4.504,0.095,4.372,0.521,0.160,38.280,2.000
60750156001.00,0.173,0.099,0.466,0.275,0.937,0.118,202.940,0.000,0.003,3.200,1.924,0.096,6.086,4.615,0.409,38.193,2.000
60750171023.00,0.128,0.050,0.236,0.159,1.000,0.000,258.694,0.000,0.006,6.400,3.651,0.042,10.456,3.799,0.357,38.193,2.000
60750170003.00,0.072,0.145,0.226,0.116,0.990,0.003,227.671,0.000,0.002,6.089,3.294,0.068,9.371,2.159,0.505,38.186,2.000
60750308004.00,0.174,0.212,0.485,0.057,0.958,0.053,182.924,0.000,0.034,6.198,3.068,0.090,2.259,0.272,0.212,37.966,2.000
60750330004.00,0.175,0.159,0.644,0.226,0.855,0.115,71.911,0.000,0.001,7.076,3.111,0.079,0.875,1.876,0.230,37.953,2.000
60750331004.00,0.192,0.174,0.670,0.119,0.916,0.109,58.200,0.000,0.001,8.000,3.950,0.064,4.892,0.261,0.143,37.946,2.000
60750310002.00,0.192,0.173,0.578,0.150,0.936,0.107,259.177,0.000,0.006,8.198,4.482,0.096,5.576,0.261,0.174,37.940,2.000
60750328021.00,0.136,0.175,0.803,0.248,0.840,0.208,301.492,0.000,0.000,5.877,2.576,0.115,2.249,1.876,0.274,37.933,2.000
60750302011.00,0.120,0.134,0.410,0.171,0.912,0.100,208.125,0.000,0.003,4.300,2.809,0.089,3.993,3.170,0.307,37.900,2.000
60750301012.00,0.085,0.088,0.384,0.270,0.969,0.043,265.222,0.000,0.002,4.290,2.796,0.086,10.375,3.799,0.420,37.853,1.000
60750204012.00,0.062,0.086,0.221,0.088,0.981,0.021,363.203,0.000,0.009,5.525,2.892,0.080,19.020,2.159,0.450,37.853,1.000
60750313021.00,0.173,0.134,0.870,0.383,0.800,0.183,285.138,0.000,0.000,8.001,3.953,0.115,2.299,0.521,0.215,37.620,1.000
60750313012.00,0.174,0.152,0.819,0.267,0.833,0.133,210.088,0.000,0.001,7.768,3.862,0.115,3.175,0.514,0.208,37.620,1.000
60750310003.00,0.192,0.173,0.578,0.150,0.936,0.107,238.002,0.000,0.004,7.742,4.250,0.096,4.068,0.261,0.174,37.613,1.000
60750351005.00,0.162,0.171,0.675,0.209,0.871,0.103,67.243,0.000,0.001,4.300,2.809,0.079,2.068,1.876,0.248,37.606,1.000
60750328023.00,0.136,0.175,0.803,0.248,0.840,0.208,269.710,0.000,0.000,4.303,2.809,0.115,3.014,1.876,0.274,37.593,1.000
60750305002.00,0.144,0.269,0.471,0.164,0.896,0.075,546.313,0.000,0.001,3.600,1.947,0.206,4.450,0.261,0.333,37.587,1.000
60750311005.00,0.138,0.131,0.541,0.165,0.941,0.069,229.903,0.000,0.011,4.347,2.457,0.074,8.135,0.419,0.245,37.580,1.000
60750128004.00,0.173,0.118,0.265,0.115,0.958,0.017,7.518,0.000,0.004,0.000,0.000,0.056,3.589,0.345,0.500,37.566,1.000
60750214003.00,0.148,0.097,0.306,0.070,0.964,0.006,140.641,0.000,0.014,5.893,3.072,0.042,7.984,2.159,0.363,37.546,1.000
60750204011.00,0.062,0.086,0.221,0.088,0.981,0.021,244.202,0.000,0.003,5.902,3.078,0.080,14.636,2.159,0.450,37.520,1.000
60750132003.00,0.128,0.235,0.197,0.072,0.994,0.015,89.630,0.000,0.000,6.257,2.816,0.069,3.876,0.345,0.470,37.240,1.000
60750426023.00,0.207,0.153,0.450,0.165,0.905,0.087,121.003,0.000,0.003,3.587,2.200,0.093,2.708,4.615,0.271,37.240,1.000
60750129023.00,0.072,0.115,0.272,0.137,0.983,0.025,11.839,0.000,0.001,0.000,0.000,0.038,4.171,0.345,0.551,37.226,1.000
60750302023.00,0.097,0.087,0.514,0.243,0.942,0.056,257.249,0.000,0.006,4.300,2.809,0.024,7.113,1.513,0.403,37.213,1.000
60750204021.00,0.067,0.141,0.296,0.125,0.982,0.019,529.939,0.000,0.002,4.163,2.223,0.121,6.658,2.159,0.502,37.200,1.000
60750214001.00,0.148,0.097,0.306,0.070,0.964,0.006,130.658,0.000,0.003,6.152,3.191,0.042,14.054,2.159,0.363,37.200,1.000
60750351004.00,0.162,0.171,0.675,0.209,0.871,0.103,74.054,0.000,0.001,4.300,2.809,0.079,1.139,1.876,0.248,36.946,1.000
60750157004.00,0.061,0.097,0.495,0.242,0.933,0.050,218.313,0.000,0.002,5.064,2.930,0.081,1.671,4.615,0.342,36.906,1.000
60750134001.00,0.106,0.138,0.218,0.119,0.966,0.014,154.027,0.000,0.000,12.100,5.445,0.054,7.018,0.345,0.465,36.880,1.000
60750305001.00,0.144,0.269,0.471,0.164,0.896,0.075,558.279,0.000,0.001,4.357,2.319,0.206,2.463,0.261,0.333,36.607,1.000
60750133001.00,0.197,0.170,0.289,0.178,0.958,0.064,168.182,0.000,0.001,5.121,2.682,0.118,7.576,0.345,0.379,36.560,1.000
60750303011.00,0.130,0.184,0.514,0.128,0.909,0.127,286.224,0.000,0.007,4.300,2.809,0.078,2.988,0.261,0.292,36.273,1.000
60750211001.00,0.150,0.114,0.320,0.147,0.985,0.010,105.640,0.000,0.001,6.161,3.195,0.092,6.583,2.159,0.323,36.226,1.000
60750216001.00,0.097,0.149,0.455,0.132,0.946,0.009,185.235,0.000,0.002,3.600,1.947,0.081,6.279,2.159,0.367,36.220,1.000
60750313013.00,0.174,0.152,0.819,0.267,0.833,0.133,260.540,0.000,0.001,8.011,3.979,0.115,1.491,0.521,0.208,35.967,1.000
60750428003.00,0.276,0.203,0.327,0.098,0.971,0.036,32.000,0.000,0.035,3.833,2.394,0.065,1.981,0.345,0.220,35.953,1.000
60750326013.00,0.126,0.123,0.662,0.197,0.897,0.119,205.000,0.000,0.004,4.300,2.809,0.071,1.097,1.876,0.250,35.946,1.000
60750326012.00,0.126,0.123,0.662,0.197,0.897,0.119,193.136,0.000,0.003,4.300,2.809,0.071,2.817,1.876,0.250,35.933,1.000
60750157003.00,0.061,0.097,0.495,0.242,0.933,0.050,207.061,0.000,0.001,3.208,1.928,0.081,4.798,4.615,0.342,35.873,1.000
60750211003.00,0.150,0.114,0.320,0.147,0.985,0.010,168.751,0.000,0.003,5.900,3.076,0.092,11.893,2.159,0.323,35.873,1.000
60750301014.00,0.085,0.088,0.384,0.270,0.969,0.043,271.849,0.000,0.002,4.273,2.776,0.086,7.919,3.262,0.420,35.860,1.000
60750351002.00,0.162,0.171,0.675,0.209,0.871,0.103,68.730,0.000,0.000,4.300,2.809,0.079,2.749,1.876,0.248,35.600,1.000
60750217003.00,0.172,0.195,0.402,0.165,0.941,0.039,206.399,0.000,0.001,3.600,1.947,0.109,5.785,2.159,0.391,35.553,1.000
60750130004.00,0.089,0.142,0.186,0.144,0.965,0.008,33.436,0.000,0.000,0.000,0.000,0.057,6.869,0.345,0.485,35.546,1.000
60750328013.00,0.185,0.208,0.723,0.222,0.847,0.170,267.323,0.000,0.001,6.400,2.498,0.110,0.272,1.876,0.161,35.300,1.000
60750311004.00,0.138,0.131,0.541,0.165,0.941,0.069,236.433,0.000,0.003,8.198,4.482,0.074,5.350,0.261,0.245,35.266,1.000
60750171021.00,0.128,0.050,0.236,0.159,1.000,0.000,274.183,0.000,0.005,6.399,3.651,0.042,7.557,3.799,0.357,35.200,1.000
60750327005.00,0.143,0.179,0.656,0.216,0.841,0.179,233.043,0.000,0.001,4.300,2.809,0.097,2.935,1.876,0.159,34.953,1.000
60750601001.00,0.246,0.030,0.222,0.100,0.993,0.007,-6.757,0.056,0.001,0.018,0.011,0.047,0.194,0.342,0.287,34.953,1.000
60750330001.00,0.175,0.159,0.644,0.226,0.855,0.115,194.060,0.000,0.000,6.400,2.498,0.079,5.443,1.876,0.230,34.920,1.000
60750130002.00,0.089,0.142,0.186,0.144,0.965,0.008,44.753,0.000,0.001,0.000,0.000,0.057,4.187,0.345,0.485,34.900,1.000
60750128002.00,0.173,0.118,0.265,0.115,0.958,0.017,58.246,0.000,0.004,0.000,0.000,0.056,3.619,0.345,0.500,34.900,1.000
60750134003.00,0.106,0.138,0.218,0.119,0.966,0.014,209.286,0.000,0.001,12.100,5.445,0.054,6.325,0.345,0.465,34.887,1.000
60750131011.00,0.070,0.061,0.302,0.079,1.001,0.031,113.849,0.000,0.001,5.187,2.511,0.033,4.647,0.345,0.590,34.553,1.000
60750167003.00,0.044,0.074,0.227,0.204,0.984,0.006,153.545,0.000,0.000,6.400,3.651,0.037,5.836,2.451,0.415,34.540,1.000
60750133003.00,0.197,0.170,0.289,0.178,0.958,0.064,217.087,0.000,0.005,4.464,2.424,0.118,3.932,0.345,0.379,34.253,1.000
60750154005.00,0.135,0.139,0.400,0.189,0.961,0.027,181.866,0.000,0.004,3.200,1.924,0.096,4.005,0.345,0.417,34.246,1.000
60750154003.00,0.135,0.139,0.400,0.189,0.961,0.027,201.878,0.000,0.003,3.214,1.929,0.096,5.231,0.345,0.417,34.233,1.000
60750171013.00,0.130,0.107,0.195,0.094,0.986,0.000,272.334,0.000,0.003,6.400,3.651,0.065,4.695,3.799,0.437,34.206,1.000
60750156002.00,0.173,0.099,0.466,0.275,0.937,0.118,211.191,0.000,0.001,3.200,1.924,0.096,6.427,4.615,0.409,34.193,1.000
60750156003.00,0.173,0.099,0.466,0.275,0.937,0.118,193.958,0.000,0.001,3.200,1.924,0.096,5.986,4.615,0.409,34.193,1.000
60750328011.00,0.185,0.208,0.723,0.222,0.847,0.170,359.439,0.000,0.000,6.400,2.498,0.110,2.570,1.876,0.161,33.953,1.000
60750301023.00,0.141,0.124,0.378,0.086,0.982,0.041,359.891,0.000,0.006,6.214,3.441,0.038,3.592,3.463,0.347,33.893,1.000
60750217001.00,0.172,0.195,0.402,0.165,0.941,0.039,215.753,0.000,0.002,3.603,1.949,0.109,2.404,2.159,0.391,33.586,1.000
60750154001.00,0.135,0.139,0.400,0.189,0.961,0.027,169.892,0.000,0.000,7.498,3.624,0.096,5.384,0.345,0.417,33.567,1.000
60750252004.00,0.190,0.100,0.509,0.276,0.947,0.013,192.430,0.000,0.000,13.900,6.735,0.061,4.642,3.220,0.256,33.567,1.000
60750212002.00,0.138,0.099,0.241,0.134,0.989,0.013,187.080,0.000,0.005,5.865,3.058,0.042,5.879,2.159,0.400,33.546,1.000
60750131012.00,0.070,0.061,0.302,0.079,1.001,0.031,178.805,0.000,0.000,7.900,3.825,0.033,5.745,0.345,0.590,33.540,1.000
60750214002.00,0.148,0.097,0.306,0.070,0.964,0.006,114.937,0.000,0.001,4.904,2.583,0.042,11.569,2.159,0.363,33.533,1.000
60750331002.00,0.192,0.174,0.670,0.119,0.916,0.109,106.816,0.000,0.001,8.000,3.950,0.064,1.260,0.261,0.143,33.313,1.000
60750171022.00,0.128,0.050,0.236,0.159,1.000,0.000,295.379,0.000,0.008,6.394,3.648,0.042,2.541,3.799,0.357,33.233,1.000
60750309007.00,0.187,0.215,0.536,0.080,0.933,0.074,140.504,0.000,0.001,8.000,3.950,0.083,1.672,0.261,0.139,32.980,1.000
60750308001.00,0.174,0.212,0.485,0.057,0.958,0.053,330.316,0.000,0.017,4.700,2.700,0.090,1.545,0.261,0.212,32.966,1.000
60750216002.00,0.097,0.149,0.455,0.132,0.946,0.009,357.744,0.000,0.002,3.602,1.948,0.081,5.397,2.159,0.367,32.893,1.000
60750171011.00,0.130,0.107,0.195,0.094,0.986,0.000,323.197,0.000,0.003,6.400,3.651,0.065,5.556,2.986,0.437,32.873,1.000
60750301013.00,0.085,0.088,0.384,0.270,0.969,0.043,255.156,0.000,0.001,4.300,2.809,0.086,6.361,3.799,0.420,32.867,1.000
60750309005.00,0.187,0.215,0.536,0.080,0.933,0.074,240.592,0.000,0.003,4.703,2.702,0.083,4.346,0.261,0.139,32.620,1.000
60750133004.00,0.197,0.170,0.289,0.178,0.958,0.064,168.610,0.000,0.000,3.199,1.923,0.118,10.376,0.345,0.379,32.553,1.000
60750130003.00,0.089,0.142,0.186,0.144,0.965,0.008,43.076,0.000,0.000,0.000,0.000,0.057,4.728,0.345,0.485,32.233,1.000
60750129012.00,0.061,0.092,0.229,0.061,0.986,0.019,39.619,0.000,0.000,0.009,0.004,0.050,6.672,0.345,0.501,32.213,1.000
60750215005.00,0.149,0.110,0.368,0.120,0.941,0.046,112.823,0.000,0.000,3.600,1.947,0.074,7.415,2.159,0.493,32.193,1.000
60750263022.00,0.181,0.127,0.839,0.220,0.775,0.144,254.364,0.000,0.000,8.178,4.471,0.094,0.840,0.521,0.158,31.973,1.000
60750331001.00,0.192,0.174,0.670,0.119,0.916,0.109,147.244,0.000,0.000,8.000,3.950,0.064,4.405,0.261,0.143,31.953,1.000
60750218001.00,0.164,0.110,0.263,0.149,0.981,0.005,103.983,0.000,0.003,3.603,1.949,0.036,3.318,2.159,0.275,31.913,1.000
60750303014.00,0.130,0.184,0.514,0.128,0.909,0.127,375.616,0.000,0.001,4.788,2.737,0.078,2.680,0.261,0.292,31.607,1.000
60750303012.00,0.130,0.184,0.514,0.128,0.909,0.127,294.412,0.000,0.000,4.300,2.809,0.078,7.322,0.261,0.292,31.573,1.000
60750310001.00,0.192,0.173,0.578,0.150,0.936,0.107,373.199,0.000,0.002,4.734,2.718,0.096,4.951,0.261,0.174,31.273,1.000
60750301022.00,0.141,0.124,0.378,0.086,0.982,0.041,347.912,0.000,0.035,3.600,1.948,0.038,4.620,0.261,0.347,30.920,1.000
60750303021.00,0.172,0.163,0.582,0.195,0.927,0.113,331.246,0.000,0.003,4.317,2.807,0.077,2.287,0.261,0.239,30.626,1.000
60750308003.00,0.174,0.212,0.485,0.057,0.958,0.053,266.038,0.000,0.003,4.700,2.701,0.090,2.391,0.261,0.212,30.626,1.000
60750308005.00,0.174,0.212,0.485,0.057,0.958,0.053,287.694,0.000,0.002,6.150,2.528,0.090,3.582,0.261,0.212,30.613,1.000
60750218002.00,0.164,0.110,0.263,0.149,0.981,0.005,159.069,0.000,0.002,3.623,1.958,0.036,7.337,2.159,0.275,30.553,1.000
60750213001.00,0.170,0.106,0.252,0.117,0.979,0.022,186.808,0.000,0.002,5.566,2.912,0.065,7.273,2.159,0.284,30.220,1.000
60750309002.00,0.187,0.215,0.536,0.080,0.933,0.074,238.884,0.000,0.002,4.720,2.711,0.083,3.065,0.261,0.139,29.966,1.000
60750304001.00,0.196,0.154,0.539,0.160,0.933,0.095,382.862,0.000,0.010,6.378,2.497,0.067,1.894,0.261,0.179,29.966,1.000
60750302013.00,0.120,0.134,0.410,0.171,0.912,0.100,245.002,0.000,0.001,4.300,2.809,0.089,2.463,0.378,0.307,29.940,1.000
60750218004.00,0.164,0.110,0.263,0.149,0.981,0.005,145.457,0.000,0.003,3.606,1.951,0.036,4.094,2.159,0.275,29.906,1.000
60750133002.00,0.197,0.170,0.289,0.178,0.958,0.064,237.011,0.000,0.000,5.152,2.696,0.118,5.128,0.345,0.379,29.573,1.000
60750154004.00,0.135,0.139,0.400,0.189,0.961,0.027,216.174,0.000,0.001,3.200,1.924,0.096,4.070,0.345,0.417,29.573,1.000
60750303023.00,0.172,0.163,0.582,0.195,0.927,0.113,378.977,0.000,0.002,6.398,2.498,0.077,2.165,0.261,0.239,29.293,1.000
60750212001.00,0.138,0.099,0.241,0.134,0.989,0.013,253.404,0.000,0.001,5.900,3.076,0.042,6.635,2.159,0.400,29.213,1.000
60750311001.00,0.138,0.131,0.541,0.165,0.941,0.069,146.231,0.000,0.001,3.600,1.948,0.074,4.123,1.438,0.245,28.593,1.000
60750212003.00,0.138,0.099,0.241,0.134,0.989,0.013,273.354,0.000,0.001,5.898,3.075,0.042,14.806,2.159,0.400,28.527,1.000
60750133005.00,0.197,0.170,0.289,0.178,0.958,0.064,191.644,0.000,0.000,3.200,1.924,0.118,3.535,0.345,0.379,27.920,1.000
60750308002.00,0.174,0.212,0.485,0.057,0.958,0.053,357.532,0.000,0.002,4.700,2.700,0.090,0.438,0.261,0.212,27.633,1.000
60750306002.00,0.212,0.201,0.389,0.066,0.993,0.037,433.669,0.000,0.006,4.700,2.700,0.069,3.214,0.261,0.222,27.620,1.000
60750171012.00,0.130,0.107,0.195,0.094,0.986,0.000,304.051,0.000,0.000,6.400,3.651,0.065,5.445,2.909,0.437,27.540,1.000
60750303022.00,0.172,0.163,0.582,0.195,0.927,0.113,496.600,0.000,0.001,6.399,2.498,0.077,2.890,0.261,0.239,27.287,1.000
60750307001.00,0.175,0.172,0.483,0.121,0.919,0.015,354.045,0.000,0.001,4.627,2.650,0.108,4.078,0.261,0.194,27.280,1.000
60750307003.00,0.175,0.172,0.483,0.121,0.919,0.015,344.050,0.000,0.002,4.700,2.700,0.108,3.350,0.261,0.194,26.953,1.000
60750211004.00,0.150,0.114,0.320,0.147,0.985,0.010,244.863,0.000,0.001,5.900,3.076,0.092,4.021,2.159,0.323,26.580,1.000
60750309001.00,0.187,0.215,0.536,0.080,0.933,0.074,358.962,0.000,0.002,4.700,2.700,0.083,2.840,0.261,0.139,26.300,1.000
60750428001.00,0.276,0.203,0.327,0.098,0.971,0.036,55.348,0.000,0.001,4.299,2.710,0.065,2.145,0.345,0.220,26.286,1.000
60750307002.00,0.175,0.172,0.483,0.121,0.919,0.015,231.397,0.000,0.001,4.155,2.327,0.108,3.924,0.686,0.194,25.940,1.000
60750218003.00,0.164,0.110,0.263,0.149,0.981,0.005,181.308,0.000,0.001,3.600,1.948,0.036,4.831,2.159,0.275,25.233,1.000
60750304005.00,0.196,0.154,0.539,0.160,0.933,0.095,331.071,0.000,0.001,6.400,2.498,0.067,2.794,0.261,0.179,24.960,1.000
60750213002.00,0.170,0.106,0.252,0.117,0.979,0.022,254.721,0.000,0.002,5.606,2.932,0.065,1.647,2.159,0.284,24.266,1.000
60750304002.00,0.196,0.154,0.539,0.160,0.933,0.095,411.600,0.000,0.002,6.400,2.498,0.067,0.963,0.261,0.179,23.973,1.000
60750304003.00,0.196,0.154,0.539,0.160,0.933,0.095,409.544,0.000,0.001,6.400,2.498,0.067,3.156,0.277,0.179,23.627,1.000
60750306001.00,0.212,0.201,0.389,0.066,0.993,0.037,451.841,0.000,0.001,4.883,2.658,0.069,2.618,0.261,0.222,22.620,1.000
60750304004.00,0.196,0.154,0.539,0.160,0.933,0.095,369.596,0.000,0.001,6.400,2.498,0.067,1.684,0.261,0.179,22.307,1.000
60750301021.00,0.141,0.124,0.378,0.086,0.982,0.041,310.471,0.000,0.001,3.733,2.052,0.038,1.420,1.590,0.347,21.600,1.000
60750306003.00,0.212,0.201,0.389,0.066,0.993,0.037,432.218,0.000,0.000,4.709,2.699,0.069,2.159,0.261,0.222,19.293,1.000